userid,story_key,position,source,summary
02856bc4-00c6-49a3-a3f1-3c43b7293551,0,2,msnbc,
02856bc4-00c6-49a3-a3f1-3c43b7293551,1,0,msnbc,
02856bc4-00c6-49a3-a3f1-3c43b7293551,2,1,foxnews,
02856bc4-00c6-49a3-a3f1-3c43b7293551,3,9,msnbc,
02856bc4-00c6-49a3-a3f1-3c43b7293551,4,3,foxnews,
02856bc4-00c6-49a3-a3f1-3c43b7293551,5,8,cnn,
02856bc4-00c6-49a3-a3f1-3c43b7293551,6,6,cnn,
02856bc4-00c6-49a3-a3f1-3c43b7293551,7,5,cnn,
02856bc4-00c6-49a3-a3f1-3c43b7293551,8,7,foxnews,
02856bc4-00c6-49a3-a3f1-3c43b7293551,9,4,msnbc,
066c7bae-cff5-4880-ba1a-558144238471,0,2,msnbc,A search is underway for six climbers who went missing while hiking Mount Rainier (WA.)
066c7bae-cff5-4880-ba1a-558144238471,0,2,msnbc,A search is underway for six climbers who went missing while hiking Mount Rainier (WA.)
066c7bae-cff5-4880-ba1a-558144238471,1,9,cnn,A funeral was held for a historic row house in Philadelphia.
066c7bae-cff5-4880-ba1a-558144238471,1,9,cnn,A funeral was held for a historic row house in Philadelphia.
066c7bae-cff5-4880-ba1a-558144238471,2,1,msnbc,
066c7bae-cff5-4880-ba1a-558144238471,2,1,msnbc,
066c7bae-cff5-4880-ba1a-558144238471,3,4,msnbc,
066c7bae-cff5-4880-ba1a-558144238471,3,4,msnbc,
066c7bae-cff5-4880-ba1a-558144238471,4,7,foxnews,
066c7bae-cff5-4880-ba1a-558144238471,4,7,foxnews,
066c7bae-cff5-4880-ba1a-558144238471,5,6,cnn,
066c7bae-cff5-4880-ba1a-558144238471,5,6,cnn,
066c7bae-cff5-4880-ba1a-558144238471,6,3,cnn,
066c7bae-cff5-4880-ba1a-558144238471,6,3,cnn,
066c7bae-cff5-4880-ba1a-558144238471,7,8,foxnews,"The National Basketball Association has reached an agreement with the wife of Clippers owner Donald Sterling to sell the team for 1 billion, following a controversy over racist remarks made by Sterling. "
066c7bae-cff5-4880-ba1a-558144238471,7,8,foxnews,"The National Basketball Association has reached an agreement with the wife of Clippers owner Donald Sterling to sell the team for 1 billion, following a controversy over racist remarks made by Sterling. "
066c7bae-cff5-4880-ba1a-558144238471,8,0,msnbc,
066c7bae-cff5-4880-ba1a-558144238471,8,0,msnbc,
066c7bae-cff5-4880-ba1a-558144238471,9,5,foxnews,
066c7bae-cff5-4880-ba1a-558144238471,9,5,foxnews,
06e306d5-d94b-467b-ba98-d40269c1d9b8,0,8,msnbc,
06e306d5-d94b-467b-ba98-d40269c1d9b8,1,0,msnbc,
06e306d5-d94b-467b-ba98-d40269c1d9b8,2,6,cnn,
06e306d5-d94b-467b-ba98-d40269c1d9b8,3,9,foxnews,
06e306d5-d94b-467b-ba98-d40269c1d9b8,4,3,foxnews,
06e306d5-d94b-467b-ba98-d40269c1d9b8,5,2,msnbc,
06e306d5-d94b-467b-ba98-d40269c1d9b8,6,1,cnn,
06e306d5-d94b-467b-ba98-d40269c1d9b8,7,4,msnbc,
06e306d5-d94b-467b-ba98-d40269c1d9b8,8,5,cnn,
06e306d5-d94b-467b-ba98-d40269c1d9b8,9,7,foxnews,
0c3f5a14-5bc2-4d3a-933c-cf82c7936b65,0,0,foxnews,
0c3f5a14-5bc2-4d3a-933c-cf82c7936b65,1,5,msnbc,
0c3f5a14-5bc2-4d3a-933c-cf82c7936b65,2,4,cnn,
0c3f5a14-5bc2-4d3a-933c-cf82c7936b65,3,3,msnbc,
0c3f5a14-5bc2-4d3a-933c-cf82c7936b65,4,9,foxnews,
0c3f5a14-5bc2-4d3a-933c-cf82c7936b65,5,6,msnbc,
0c3f5a14-5bc2-4d3a-933c-cf82c7936b65,6,2,msnbc,
0c3f5a14-5bc2-4d3a-933c-cf82c7936b65,7,7,cnn,
0c3f5a14-5bc2-4d3a-933c-cf82c7936b65,8,1,foxnews,
0c3f5a14-5bc2-4d3a-933c-cf82c7936b65,9,8,cnn,
0d937565-1e87-45ef-8fc8-0028d4b8e808,0,4,foxnews,
0d937565-1e87-45ef-8fc8-0028d4b8e808,1,5,cnn,
0d937565-1e87-45ef-8fc8-0028d4b8e808,2,1,cnn,
0d937565-1e87-45ef-8fc8-0028d4b8e808,3,6,foxnews,
0d937565-1e87-45ef-8fc8-0028d4b8e808,4,0,msnbc,
0d937565-1e87-45ef-8fc8-0028d4b8e808,5,2,cnn,
0d937565-1e87-45ef-8fc8-0028d4b8e808,6,9,msnbc,
0d937565-1e87-45ef-8fc8-0028d4b8e808,7,7,msnbc,
0d937565-1e87-45ef-8fc8-0028d4b8e808,8,3,foxnews,
0d937565-1e87-45ef-8fc8-0028d4b8e808,9,8,msnbc,
110a1c28-3e1e-40a7-8c6d-54a710c4f004,0,7,msnbc,
110a1c28-3e1e-40a7-8c6d-54a710c4f004,1,4,foxnews,
110a1c28-3e1e-40a7-8c6d-54a710c4f004,2,5,msnbc,
110a1c28-3e1e-40a7-8c6d-54a710c4f004,3,9,foxnews,
110a1c28-3e1e-40a7-8c6d-54a710c4f004,4,2,msnbc,
110a1c28-3e1e-40a7-8c6d-54a710c4f004,5,6,cnn,
110a1c28-3e1e-40a7-8c6d-54a710c4f004,6,8,foxnews,
110a1c28-3e1e-40a7-8c6d-54a710c4f004,7,0,cnn,
110a1c28-3e1e-40a7-8c6d-54a710c4f004,8,3,cnn,
110a1c28-3e1e-40a7-8c6d-54a710c4f004,9,1,msnbc,
1782f34b-cf12-47a2-b6a5-f4a451240efc,0,2,cnn,
1782f34b-cf12-47a2-b6a5-f4a451240efc,1,5,msnbc,
1782f34b-cf12-47a2-b6a5-f4a451240efc,2,6,cnn,
1782f34b-cf12-47a2-b6a5-f4a451240efc,3,8,cnn,
1782f34b-cf12-47a2-b6a5-f4a451240efc,4,1,msnbc,
1782f34b-cf12-47a2-b6a5-f4a451240efc,5,9,foxnews,
1782f34b-cf12-47a2-b6a5-f4a451240efc,6,3,foxnews,
1782f34b-cf12-47a2-b6a5-f4a451240efc,7,7,msnbc,
1782f34b-cf12-47a2-b6a5-f4a451240efc,8,4,msnbc,
1782f34b-cf12-47a2-b6a5-f4a451240efc,9,0,foxnews,
19cc9c96-e720-4306-8848-c717d70872ea,0,0,foxnews,Six climbers missing on Washington's Mount Rainier
19cc9c96-e720-4306-8848-c717d70872ea,1,2,msnbc,
19cc9c96-e720-4306-8848-c717d70872ea,2,8,cnn,
19cc9c96-e720-4306-8848-c717d70872ea,3,5,msnbc,California police unaware student had firearms before killings: report
19cc9c96-e720-4306-8848-c717d70872ea,4,7,foxnews,
19cc9c96-e720-4306-8848-c717d70872ea,5,6,foxnews,
19cc9c96-e720-4306-8848-c717d70872ea,6,1,msnbc,
19cc9c96-e720-4306-8848-c717d70872ea,7,3,cnn,"NBA moves on Clippers sale, Sterling sues for $1 billion"
19cc9c96-e720-4306-8848-c717d70872ea,8,9,msnbc,
19cc9c96-e720-4306-8848-c717d70872ea,9,4,cnn,
1d9361d9-3dec-4205-a975-aca8985bd869,0,2,msnbc,
1d9361d9-3dec-4205-a975-aca8985bd869,1,4,foxnews,
1d9361d9-3dec-4205-a975-aca8985bd869,2,0,foxnews,
1d9361d9-3dec-4205-a975-aca8985bd869,3,3,msnbc,
1d9361d9-3dec-4205-a975-aca8985bd869,4,9,cnn,
1d9361d9-3dec-4205-a975-aca8985bd869,5,1,foxnews,
1d9361d9-3dec-4205-a975-aca8985bd869,6,8,msnbc,
1d9361d9-3dec-4205-a975-aca8985bd869,7,7,cnn,
1d9361d9-3dec-4205-a975-aca8985bd869,8,5,msnbc,
1d9361d9-3dec-4205-a975-aca8985bd869,9,6,cnn,
1db647e9-ff25-445f-ba87-31dafd4acb9c,0,1,msnbc,
1db647e9-ff25-445f-ba87-31dafd4acb9c,1,2,foxnews,
1db647e9-ff25-445f-ba87-31dafd4acb9c,2,0,foxnews,
1db647e9-ff25-445f-ba87-31dafd4acb9c,3,3,foxnews,
1db647e9-ff25-445f-ba87-31dafd4acb9c,4,5,cnn,
1db647e9-ff25-445f-ba87-31dafd4acb9c,5,8,msnbc,
1db647e9-ff25-445f-ba87-31dafd4acb9c,6,7,msnbc,
1db647e9-ff25-445f-ba87-31dafd4acb9c,7,6,msnbc,
1db647e9-ff25-445f-ba87-31dafd4acb9c,8,9,cnn,
1db647e9-ff25-445f-ba87-31dafd4acb9c,9,4,cnn,
1e150e82-e32c-4970-8d5e-a46bec0c7c85,0,4,cnn,
1e150e82-e32c-4970-8d5e-a46bec0c7c85,1,5,foxnews,
1e150e82-e32c-4970-8d5e-a46bec0c7c85,2,2,cnn,
1e150e82-e32c-4970-8d5e-a46bec0c7c85,3,1,foxnews,
1e150e82-e32c-4970-8d5e-a46bec0c7c85,4,8,foxnews,
1e150e82-e32c-4970-8d5e-a46bec0c7c85,5,6,msnbc,
1e150e82-e32c-4970-8d5e-a46bec0c7c85,6,9,msnbc,
1e150e82-e32c-4970-8d5e-a46bec0c7c85,7,0,msnbc,
1e150e82-e32c-4970-8d5e-a46bec0c7c85,8,7,msnbc,
1e150e82-e32c-4970-8d5e-a46bec0c7c85,9,3,cnn,
1f119f76-8b2f-4657-84b5-8856d15b9f5c,0,6,cnn,
1f119f76-8b2f-4657-84b5-8856d15b9f5c,1,0,foxnews,
1f119f76-8b2f-4657-84b5-8856d15b9f5c,2,2,msnbc,
1f119f76-8b2f-4657-84b5-8856d15b9f5c,3,9,foxnews,
1f119f76-8b2f-4657-84b5-8856d15b9f5c,4,3,cnn,
1f119f76-8b2f-4657-84b5-8856d15b9f5c,5,7,msnbc,
1f119f76-8b2f-4657-84b5-8856d15b9f5c,6,5,cnn,
1f119f76-8b2f-4657-84b5-8856d15b9f5c,7,4,foxnews,
1f119f76-8b2f-4657-84b5-8856d15b9f5c,8,1,msnbc,
1f119f76-8b2f-4657-84b5-8856d15b9f5c,9,8,msnbc,
2089741d-deb1-4466-858a-eea861789685,0,3,foxnews,
2089741d-deb1-4466-858a-eea861789685,0,3,foxnews,
2089741d-deb1-4466-858a-eea861789685,1,7,cnn,
2089741d-deb1-4466-858a-eea861789685,1,7,cnn,
2089741d-deb1-4466-858a-eea861789685,2,9,foxnews,
2089741d-deb1-4466-858a-eea861789685,2,9,foxnews,
2089741d-deb1-4466-858a-eea861789685,3,5,msnbc,
2089741d-deb1-4466-858a-eea861789685,3,5,msnbc,
2089741d-deb1-4466-858a-eea861789685,4,4,cnn,
2089741d-deb1-4466-858a-eea861789685,4,4,cnn,
2089741d-deb1-4466-858a-eea861789685,5,1,foxnews,"California man ""does the right thing."""
2089741d-deb1-4466-858a-eea861789685,5,1,foxnews,"California man ""does the right thing."""
2089741d-deb1-4466-858a-eea861789685,6,8,msnbc,
2089741d-deb1-4466-858a-eea861789685,6,8,msnbc,
2089741d-deb1-4466-858a-eea861789685,7,2,msnbc,Donald Sterling trainwreck continues.
2089741d-deb1-4466-858a-eea861789685,7,2,msnbc,Donald Sterling trainwreck continues.
2089741d-deb1-4466-858a-eea861789685,8,6,msnbc,
2089741d-deb1-4466-858a-eea861789685,8,6,msnbc,
2089741d-deb1-4466-858a-eea861789685,9,0,cnn,Sandy hook truther busted for hiding evidence arrested in Virginia.
2089741d-deb1-4466-858a-eea861789685,9,0,cnn,Sandy hook truther busted for hiding evidence arrested in Virginia.
233f3d9d-6941-4dcb-8954-22e91a66161a,0,1,foxnews,
233f3d9d-6941-4dcb-8954-22e91a66161a,1,0,cnn,
233f3d9d-6941-4dcb-8954-22e91a66161a,2,2,cnn,
233f3d9d-6941-4dcb-8954-22e91a66161a,3,5,msnbc,
233f3d9d-6941-4dcb-8954-22e91a66161a,4,9,msnbc,
233f3d9d-6941-4dcb-8954-22e91a66161a,5,6,msnbc,
233f3d9d-6941-4dcb-8954-22e91a66161a,6,3,msnbc,
233f3d9d-6941-4dcb-8954-22e91a66161a,7,8,cnn,
233f3d9d-6941-4dcb-8954-22e91a66161a,8,7,foxnews,
233f3d9d-6941-4dcb-8954-22e91a66161a,9,4,foxnews,
2a192328-7c8d-4269-a275-ee5c763b9a0c,0,4,foxnews,
2a192328-7c8d-4269-a275-ee5c763b9a0c,0,4,foxnews,
2a192328-7c8d-4269-a275-ee5c763b9a0c,1,1,msnbc,
2a192328-7c8d-4269-a275-ee5c763b9a0c,1,1,msnbc,
2a192328-7c8d-4269-a275-ee5c763b9a0c,2,8,cnn,
2a192328-7c8d-4269-a275-ee5c763b9a0c,2,8,cnn,
2a192328-7c8d-4269-a275-ee5c763b9a0c,3,9,foxnews,
2a192328-7c8d-4269-a275-ee5c763b9a0c,3,9,foxnews,
2a192328-7c8d-4269-a275-ee5c763b9a0c,4,2,foxnews,
2a192328-7c8d-4269-a275-ee5c763b9a0c,4,2,foxnews,
2a192328-7c8d-4269-a275-ee5c763b9a0c,5,6,cnn,
2a192328-7c8d-4269-a275-ee5c763b9a0c,5,6,cnn,
2a192328-7c8d-4269-a275-ee5c763b9a0c,6,7,cnn,
2a192328-7c8d-4269-a275-ee5c763b9a0c,6,7,cnn,
2a192328-7c8d-4269-a275-ee5c763b9a0c,7,5,msnbc,
2a192328-7c8d-4269-a275-ee5c763b9a0c,7,5,msnbc,
2a192328-7c8d-4269-a275-ee5c763b9a0c,8,0,msnbc,
2a192328-7c8d-4269-a275-ee5c763b9a0c,8,0,msnbc,
2a192328-7c8d-4269-a275-ee5c763b9a0c,9,3,msnbc,
2a192328-7c8d-4269-a275-ee5c763b9a0c,9,3,msnbc,
2d846069-2c8e-4b4a-a3ff-9fb7bdd48a25,0,9,foxnews,
2d846069-2c8e-4b4a-a3ff-9fb7bdd48a25,1,0,msnbc,
2d846069-2c8e-4b4a-a3ff-9fb7bdd48a25,2,8,foxnews,
2d846069-2c8e-4b4a-a3ff-9fb7bdd48a25,3,2,cnn,
2d846069-2c8e-4b4a-a3ff-9fb7bdd48a25,4,3,msnbc,
2d846069-2c8e-4b4a-a3ff-9fb7bdd48a25,5,7,msnbc,
2d846069-2c8e-4b4a-a3ff-9fb7bdd48a25,6,6,cnn,
2d846069-2c8e-4b4a-a3ff-9fb7bdd48a25,7,5,foxnews,
2d846069-2c8e-4b4a-a3ff-9fb7bdd48a25,8,1,cnn,
2d846069-2c8e-4b4a-a3ff-9fb7bdd48a25,9,4,msnbc,
38b3d654-457c-4400-8faa-3b4c003c0fa5,0,5,cnn,
38b3d654-457c-4400-8faa-3b4c003c0fa5,1,8,msnbc,
38b3d654-457c-4400-8faa-3b4c003c0fa5,2,0,msnbc,
38b3d654-457c-4400-8faa-3b4c003c0fa5,3,2,foxnews,
38b3d654-457c-4400-8faa-3b4c003c0fa5,4,9,cnn,
38b3d654-457c-4400-8faa-3b4c003c0fa5,5,7,cnn,
38b3d654-457c-4400-8faa-3b4c003c0fa5,6,3,foxnews,
38b3d654-457c-4400-8faa-3b4c003c0fa5,7,6,msnbc,
38b3d654-457c-4400-8faa-3b4c003c0fa5,8,1,msnbc,
38b3d654-457c-4400-8faa-3b4c003c0fa5,9,4,foxnews,
38f3b3b8-fc98-4efd-b2dd-6940e32136e2,0,6,msnbc,
38f3b3b8-fc98-4efd-b2dd-6940e32136e2,1,0,msnbc,
38f3b3b8-fc98-4efd-b2dd-6940e32136e2,2,4,msnbc,
38f3b3b8-fc98-4efd-b2dd-6940e32136e2,3,3,foxnews,
38f3b3b8-fc98-4efd-b2dd-6940e32136e2,4,7,cnn,
38f3b3b8-fc98-4efd-b2dd-6940e32136e2,5,1,msnbc,
38f3b3b8-fc98-4efd-b2dd-6940e32136e2,6,9,foxnews,
38f3b3b8-fc98-4efd-b2dd-6940e32136e2,7,2,cnn,
38f3b3b8-fc98-4efd-b2dd-6940e32136e2,8,5,foxnews,
38f3b3b8-fc98-4efd-b2dd-6940e32136e2,9,8,cnn,
3a3c90d4-ae67-4858-afa7-1f5f44f0c56f,0,9,foxnews,
3a3c90d4-ae67-4858-afa7-1f5f44f0c56f,1,0,cnn,
3a3c90d4-ae67-4858-afa7-1f5f44f0c56f,2,1,foxnews,
3a3c90d4-ae67-4858-afa7-1f5f44f0c56f,3,5,foxnews,
3a3c90d4-ae67-4858-afa7-1f5f44f0c56f,4,4,msnbc,
3a3c90d4-ae67-4858-afa7-1f5f44f0c56f,5,2,msnbc,
3a3c90d4-ae67-4858-afa7-1f5f44f0c56f,6,8,msnbc,
3a3c90d4-ae67-4858-afa7-1f5f44f0c56f,7,6,msnbc,
3a3c90d4-ae67-4858-afa7-1f5f44f0c56f,8,3,cnn,
3a3c90d4-ae67-4858-afa7-1f5f44f0c56f,9,7,cnn,
3d714c0d-fb3d-4da9-933b-4c188c5208cf,0,7,msnbc,
3d714c0d-fb3d-4da9-933b-4c188c5208cf,0,2,cnn,
3d714c0d-fb3d-4da9-933b-4c188c5208cf,1,8,cnn,
3d714c0d-fb3d-4da9-933b-4c188c5208cf,1,7,msnbc,
3d714c0d-fb3d-4da9-933b-4c188c5208cf,2,3,cnn,
3d714c0d-fb3d-4da9-933b-4c188c5208cf,2,5,msnbc,
3d714c0d-fb3d-4da9-933b-4c188c5208cf,3,1,foxnews,
3d714c0d-fb3d-4da9-933b-4c188c5208cf,3,8,foxnews,
3d714c0d-fb3d-4da9-933b-4c188c5208cf,4,6,foxnews,
3d714c0d-fb3d-4da9-933b-4c188c5208cf,4,6,cnn,
3d714c0d-fb3d-4da9-933b-4c188c5208cf,5,2,msnbc,
3d714c0d-fb3d-4da9-933b-4c188c5208cf,5,0,foxnews,
3d714c0d-fb3d-4da9-933b-4c188c5208cf,6,9,foxnews,
3d714c0d-fb3d-4da9-933b-4c188c5208cf,6,1,foxnews,
3d714c0d-fb3d-4da9-933b-4c188c5208cf,7,5,cnn,
3d714c0d-fb3d-4da9-933b-4c188c5208cf,7,4,cnn,
3d714c0d-fb3d-4da9-933b-4c188c5208cf,8,4,msnbc,
3d714c0d-fb3d-4da9-933b-4c188c5208cf,8,3,msnbc,
3d714c0d-fb3d-4da9-933b-4c188c5208cf,9,0,msnbc,
3d714c0d-fb3d-4da9-933b-4c188c5208cf,9,9,msnbc,
3de682dd-86bb-4e67-b52a-bb5f219a6f5e,0,2,foxnews,
3de682dd-86bb-4e67-b52a-bb5f219a6f5e,1,4,cnn,
3de682dd-86bb-4e67-b52a-bb5f219a6f5e,2,0,foxnews,
3de682dd-86bb-4e67-b52a-bb5f219a6f5e,3,1,cnn,
3de682dd-86bb-4e67-b52a-bb5f219a6f5e,4,6,msnbc,
3de682dd-86bb-4e67-b52a-bb5f219a6f5e,5,3,foxnews,
3de682dd-86bb-4e67-b52a-bb5f219a6f5e,6,7,msnbc,
3de682dd-86bb-4e67-b52a-bb5f219a6f5e,7,9,msnbc,
3de682dd-86bb-4e67-b52a-bb5f219a6f5e,8,8,msnbc,
3de682dd-86bb-4e67-b52a-bb5f219a6f5e,9,5,cnn,
3e1133a1-b5f1-4d0d-ac51-312d58a10d7d,0,4,cnn,
3e1133a1-b5f1-4d0d-ac51-312d58a10d7d,1,0,foxnews,Large crowd in Philadelphia mourned  142 year old house on 3711 Mellon Street.
3e1133a1-b5f1-4d0d-ac51-312d58a10d7d,2,1,msnbc,"U.S. Veterans Affairs Secretary Eric Shinseki resigned on Friday  due to scandal over delays in veterans' medical care, Obama accepted the resignation with regret."
3e1133a1-b5f1-4d0d-ac51-312d58a10d7d,3,6,foxnews,
3e1133a1-b5f1-4d0d-ac51-312d58a10d7d,4,3,cnn,
3e1133a1-b5f1-4d0d-ac51-312d58a10d7d,5,9,msnbc,
3e1133a1-b5f1-4d0d-ac51-312d58a10d7d,6,7,foxnews,
3e1133a1-b5f1-4d0d-ac51-312d58a10d7d,7,2,msnbc,NBA sells Clippers after banning it's owner Donald Sterling for life for racist remarks. The latter is now suing the NBA for $1 billion.
3e1133a1-b5f1-4d0d-ac51-312d58a10d7d,8,5,cnn,
3e1133a1-b5f1-4d0d-ac51-312d58a10d7d,9,8,msnbc,
4188d5d0-5149-4bd2-8daf-4fb396bdcfd1,0,1,msnbc,
4188d5d0-5149-4bd2-8daf-4fb396bdcfd1,1,2,msnbc,
4188d5d0-5149-4bd2-8daf-4fb396bdcfd1,2,4,cnn,
4188d5d0-5149-4bd2-8daf-4fb396bdcfd1,3,5,cnn,
4188d5d0-5149-4bd2-8daf-4fb396bdcfd1,4,9,foxnews,
4188d5d0-5149-4bd2-8daf-4fb396bdcfd1,5,3,msnbc,
4188d5d0-5149-4bd2-8daf-4fb396bdcfd1,6,7,cnn,
4188d5d0-5149-4bd2-8daf-4fb396bdcfd1,7,6,foxnews,
4188d5d0-5149-4bd2-8daf-4fb396bdcfd1,8,8,msnbc,
4188d5d0-5149-4bd2-8daf-4fb396bdcfd1,9,0,foxnews,
440a62d5-ea2b-4304-97b8-86c66ba4bbfd,0,3,msnbc,
440a62d5-ea2b-4304-97b8-86c66ba4bbfd,1,1,foxnews,
440a62d5-ea2b-4304-97b8-86c66ba4bbfd,2,4,cnn,
440a62d5-ea2b-4304-97b8-86c66ba4bbfd,3,2,msnbc,
440a62d5-ea2b-4304-97b8-86c66ba4bbfd,4,0,cnn,
46d92960-d17c-4af8-83ae-389cd8e4cc34,0,0,foxnews,
46d92960-d17c-4af8-83ae-389cd8e4cc34,1,9,foxnews,
46d92960-d17c-4af8-83ae-389cd8e4cc34,2,5,msnbc,
46d92960-d17c-4af8-83ae-389cd8e4cc34,3,6,cnn,The police did not know that Rodger owned weapons.
46d92960-d17c-4af8-83ae-389cd8e4cc34,4,8,foxnews,
46d92960-d17c-4af8-83ae-389cd8e4cc34,5,4,cnn,A man in California returned a bag of money that he found.
46d92960-d17c-4af8-83ae-389cd8e4cc34,6,1,cnn,
46d92960-d17c-4af8-83ae-389cd8e4cc34,7,3,msnbc,The NBA agreed to let Donald Sterling's wife sell the Clippers
46d92960-d17c-4af8-83ae-389cd8e4cc34,8,2,msnbc,
46d92960-d17c-4af8-83ae-389cd8e4cc34,9,7,msnbc,
486e27bc-b0ae-46b3-b592-fa8f7378c7d8,0,1,cnn,
486e27bc-b0ae-46b3-b592-fa8f7378c7d8,1,5,cnn,
486e27bc-b0ae-46b3-b592-fa8f7378c7d8,2,3,cnn,
486e27bc-b0ae-46b3-b592-fa8f7378c7d8,3,4,msnbc,
486e27bc-b0ae-46b3-b592-fa8f7378c7d8,4,0,foxnews,
486e27bc-b0ae-46b3-b592-fa8f7378c7d8,5,2,foxnews,
486e27bc-b0ae-46b3-b592-fa8f7378c7d8,6,9,msnbc,
486e27bc-b0ae-46b3-b592-fa8f7378c7d8,7,8,msnbc,
486e27bc-b0ae-46b3-b592-fa8f7378c7d8,8,7,msnbc,
486e27bc-b0ae-46b3-b592-fa8f7378c7d8,9,6,foxnews,
4e1e97f2-0225-4657-aec1-bf9ba036b2bb,0,1,msnbc,
4e1e97f2-0225-4657-aec1-bf9ba036b2bb,1,2,cnn,
4e1e97f2-0225-4657-aec1-bf9ba036b2bb,2,0,cnn,
4e1e97f2-0225-4657-aec1-bf9ba036b2bb,3,3,foxnews,
4e1e97f2-0225-4657-aec1-bf9ba036b2bb,4,4,msnbc,
50fd294e-613e-453c-a61b-456693888c57,0,1,msnbc,
50fd294e-613e-453c-a61b-456693888c57,1,6,cnn,
50fd294e-613e-453c-a61b-456693888c57,2,0,foxnews,
50fd294e-613e-453c-a61b-456693888c57,3,8,foxnews,
50fd294e-613e-453c-a61b-456693888c57,4,7,msnbc,
50fd294e-613e-453c-a61b-456693888c57,5,5,foxnews,
50fd294e-613e-453c-a61b-456693888c57,6,2,msnbc,
50fd294e-613e-453c-a61b-456693888c57,7,4,cnn,
50fd294e-613e-453c-a61b-456693888c57,8,9,msnbc,
50fd294e-613e-453c-a61b-456693888c57,9,3,cnn,
523e5f20-88f8-423d-8367-609806042ed4,0,9,cnn,
523e5f20-88f8-423d-8367-609806042ed4,1,8,msnbc,
523e5f20-88f8-423d-8367-609806042ed4,2,2,cnn,
523e5f20-88f8-423d-8367-609806042ed4,3,4,msnbc,
523e5f20-88f8-423d-8367-609806042ed4,4,0,foxnews,
523e5f20-88f8-423d-8367-609806042ed4,5,6,foxnews,
523e5f20-88f8-423d-8367-609806042ed4,6,5,cnn,
523e5f20-88f8-423d-8367-609806042ed4,7,3,foxnews,
523e5f20-88f8-423d-8367-609806042ed4,8,7,msnbc,
523e5f20-88f8-423d-8367-609806042ed4,9,1,msnbc,
52e880ca-945e-470f-aff7-a443ca0a2857,0,6,msnbc,
52e880ca-945e-470f-aff7-a443ca0a2857,1,9,cnn,
52e880ca-945e-470f-aff7-a443ca0a2857,2,8,msnbc,
52e880ca-945e-470f-aff7-a443ca0a2857,3,2,cnn,Elliot Rodger whose shooting rampage left six dead and more than a dozen injured in a Californian college town owned firearms.
52e880ca-945e-470f-aff7-a443ca0a2857,4,0,foxnews,US postponed deadline to remove nuclear waste from Los Almos until June 30.
52e880ca-945e-470f-aff7-a443ca0a2857,5,7,cnn,
52e880ca-945e-470f-aff7-a443ca0a2857,6,5,foxnews,
52e880ca-945e-470f-aff7-a443ca0a2857,7,1,foxnews,
52e880ca-945e-470f-aff7-a443ca0a2857,8,4,msnbc,Army Segeant Bowe Bergdahl was freed in Afghanistan after being a Taliban prisoner for 5 years
52e880ca-945e-470f-aff7-a443ca0a2857,9,3,msnbc,
575b0bda-2bca-4d1f-9370-2984364b454b,0,5,msnbc,
575b0bda-2bca-4d1f-9370-2984364b454b,0,5,msnbc,
575b0bda-2bca-4d1f-9370-2984364b454b,0,5,msnbc,
575b0bda-2bca-4d1f-9370-2984364b454b,1,7,cnn,
575b0bda-2bca-4d1f-9370-2984364b454b,1,7,cnn,
575b0bda-2bca-4d1f-9370-2984364b454b,1,7,cnn,
575b0bda-2bca-4d1f-9370-2984364b454b,2,3,msnbc,
575b0bda-2bca-4d1f-9370-2984364b454b,2,3,msnbc,
575b0bda-2bca-4d1f-9370-2984364b454b,2,3,msnbc,
575b0bda-2bca-4d1f-9370-2984364b454b,3,6,foxnews,
575b0bda-2bca-4d1f-9370-2984364b454b,3,6,foxnews,
575b0bda-2bca-4d1f-9370-2984364b454b,3,6,foxnews,
575b0bda-2bca-4d1f-9370-2984364b454b,4,1,msnbc,
575b0bda-2bca-4d1f-9370-2984364b454b,4,1,msnbc,
575b0bda-2bca-4d1f-9370-2984364b454b,4,1,msnbc,
575b0bda-2bca-4d1f-9370-2984364b454b,5,2,msnbc,
575b0bda-2bca-4d1f-9370-2984364b454b,5,2,msnbc,
575b0bda-2bca-4d1f-9370-2984364b454b,5,2,msnbc,
575b0bda-2bca-4d1f-9370-2984364b454b,6,4,foxnews,
575b0bda-2bca-4d1f-9370-2984364b454b,6,4,foxnews,
575b0bda-2bca-4d1f-9370-2984364b454b,6,4,foxnews,
575b0bda-2bca-4d1f-9370-2984364b454b,7,9,foxnews,
575b0bda-2bca-4d1f-9370-2984364b454b,7,9,foxnews,
575b0bda-2bca-4d1f-9370-2984364b454b,7,9,foxnews,
575b0bda-2bca-4d1f-9370-2984364b454b,8,0,cnn,
575b0bda-2bca-4d1f-9370-2984364b454b,8,0,cnn,
575b0bda-2bca-4d1f-9370-2984364b454b,8,0,cnn,
575b0bda-2bca-4d1f-9370-2984364b454b,9,8,cnn,
575b0bda-2bca-4d1f-9370-2984364b454b,9,8,cnn,
575b0bda-2bca-4d1f-9370-2984364b454b,9,8,cnn,
5e7f0f59-bccd-42fa-8690-bcf208a77611,0,4,msnbc,
5e7f0f59-bccd-42fa-8690-bcf208a77611,1,0,msnbc,
5e7f0f59-bccd-42fa-8690-bcf208a77611,2,5,msnbc,
5e7f0f59-bccd-42fa-8690-bcf208a77611,3,6,msnbc,
5e7f0f59-bccd-42fa-8690-bcf208a77611,4,2,cnn,
5e7f0f59-bccd-42fa-8690-bcf208a77611,5,9,foxnews,
5e7f0f59-bccd-42fa-8690-bcf208a77611,6,1,cnn,
5e7f0f59-bccd-42fa-8690-bcf208a77611,7,3,cnn,
5e7f0f59-bccd-42fa-8690-bcf208a77611,8,8,foxnews,
5e7f0f59-bccd-42fa-8690-bcf208a77611,9,7,foxnews,
63ee43b9-e22b-4d52-85f9-20643fb8a0ba,0,7,msnbc,
63ee43b9-e22b-4d52-85f9-20643fb8a0ba,1,3,msnbc,
63ee43b9-e22b-4d52-85f9-20643fb8a0ba,2,8,cnn,
63ee43b9-e22b-4d52-85f9-20643fb8a0ba,3,9,msnbc,
63ee43b9-e22b-4d52-85f9-20643fb8a0ba,4,4,foxnews,
63ee43b9-e22b-4d52-85f9-20643fb8a0ba,5,2,foxnews,
63ee43b9-e22b-4d52-85f9-20643fb8a0ba,6,6,cnn,
63ee43b9-e22b-4d52-85f9-20643fb8a0ba,7,1,cnn,
63ee43b9-e22b-4d52-85f9-20643fb8a0ba,8,0,foxnews,
63ee43b9-e22b-4d52-85f9-20643fb8a0ba,9,5,msnbc,
65b095a7-698f-4053-b68e-9036769e58c5,0,9,cnn,
65b095a7-698f-4053-b68e-9036769e58c5,1,8,msnbc,
65b095a7-698f-4053-b68e-9036769e58c5,2,1,msnbc,
65b095a7-698f-4053-b68e-9036769e58c5,3,2,msnbc,Police not knowing about guns legally bought by a massacre killer.
65b095a7-698f-4053-b68e-9036769e58c5,4,6,cnn,
65b095a7-698f-4053-b68e-9036769e58c5,5,4,foxnews,
65b095a7-698f-4053-b68e-9036769e58c5,6,3,foxnews,
65b095a7-698f-4053-b68e-9036769e58c5,7,5,cnn,"NBA moved forward with putting Clippers on sale, because of previous owners racist comments."
65b095a7-698f-4053-b68e-9036769e58c5,8,7,msnbc,
65b095a7-698f-4053-b68e-9036769e58c5,9,0,foxnews,A guy from Vrigina stole two memorial signs of 7-year-old kids from Sand Hook School killings.
68043d24-1ba6-4df0-91eb-db6f9bae65a2,0,4,cnn,There were a six climber went missing in a ice mountain. 
68043d24-1ba6-4df0-91eb-db6f9bae65a2,1,3,cnn,
68043d24-1ba6-4df0-91eb-db6f9bae65a2,2,9,foxnews,
68043d24-1ba6-4df0-91eb-db6f9bae65a2,3,0,cnn,Police wasn't aware about the California killer previous knowledge on firearms handling. Police also say they did not have a reason to believe he had weapons. 
68043d24-1ba6-4df0-91eb-db6f9bae65a2,4,2,msnbc,
68043d24-1ba6-4df0-91eb-db6f9bae65a2,5,6,foxnews,
68043d24-1ba6-4df0-91eb-db6f9bae65a2,6,8,msnbc,An ex militar sexually abused several students. 
68043d24-1ba6-4df0-91eb-db6f9bae65a2,7,1,msnbc,
68043d24-1ba6-4df0-91eb-db6f9bae65a2,8,5,msnbc,
68043d24-1ba6-4df0-91eb-db6f9bae65a2,9,7,foxnews,
69580951-44c7-4ce9-b1d1-e22342ecd1b3,0,3,cnn,
69580951-44c7-4ce9-b1d1-e22342ecd1b3,0,3,cnn,
69580951-44c7-4ce9-b1d1-e22342ecd1b3,0,3,cnn,
69580951-44c7-4ce9-b1d1-e22342ecd1b3,0,3,cnn,
69580951-44c7-4ce9-b1d1-e22342ecd1b3,0,3,cnn,
69580951-44c7-4ce9-b1d1-e22342ecd1b3,0,3,cnn,
69580951-44c7-4ce9-b1d1-e22342ecd1b3,0,3,cnn,
69580951-44c7-4ce9-b1d1-e22342ecd1b3,0,3,cnn,
69580951-44c7-4ce9-b1d1-e22342ecd1b3,0,3,cnn,
69580951-44c7-4ce9-b1d1-e22342ecd1b3,0,3,cnn,
69580951-44c7-4ce9-b1d1-e22342ecd1b3,0,3,cnn,
69580951-44c7-4ce9-b1d1-e22342ecd1b3,0,3,cnn,
69580951-44c7-4ce9-b1d1-e22342ecd1b3,0,3,cnn,
69580951-44c7-4ce9-b1d1-e22342ecd1b3,0,3,cnn,
69580951-44c7-4ce9-b1d1-e22342ecd1b3,0,3,cnn,
69580951-44c7-4ce9-b1d1-e22342ecd1b3,0,3,cnn,
69580951-44c7-4ce9-b1d1-e22342ecd1b3,0,3,cnn,
69580951-44c7-4ce9-b1d1-e22342ecd1b3,0,3,cnn,
69580951-44c7-4ce9-b1d1-e22342ecd1b3,1,0,msnbc,
69580951-44c7-4ce9-b1d1-e22342ecd1b3,1,0,msnbc,
69580951-44c7-4ce9-b1d1-e22342ecd1b3,1,0,msnbc,
69580951-44c7-4ce9-b1d1-e22342ecd1b3,1,0,msnbc,
69580951-44c7-4ce9-b1d1-e22342ecd1b3,1,5,cnn,
69580951-44c7-4ce9-b1d1-e22342ecd1b3,1,5,cnn,
69580951-44c7-4ce9-b1d1-e22342ecd1b3,1,5,cnn,
69580951-44c7-4ce9-b1d1-e22342ecd1b3,1,5,cnn,
69580951-44c7-4ce9-b1d1-e22342ecd1b3,1,5,cnn,
69580951-44c7-4ce9-b1d1-e22342ecd1b3,1,5,cnn,
69580951-44c7-4ce9-b1d1-e22342ecd1b3,1,5,cnn,
69580951-44c7-4ce9-b1d1-e22342ecd1b3,1,5,cnn,
69580951-44c7-4ce9-b1d1-e22342ecd1b3,1,5,cnn,
69580951-44c7-4ce9-b1d1-e22342ecd1b3,1,5,cnn,
69580951-44c7-4ce9-b1d1-e22342ecd1b3,1,5,cnn,
69580951-44c7-4ce9-b1d1-e22342ecd1b3,1,5,cnn,
69580951-44c7-4ce9-b1d1-e22342ecd1b3,1,5,cnn,
69580951-44c7-4ce9-b1d1-e22342ecd1b3,1,5,cnn,
69580951-44c7-4ce9-b1d1-e22342ecd1b3,2,4,cnn,
69580951-44c7-4ce9-b1d1-e22342ecd1b3,2,4,cnn,
69580951-44c7-4ce9-b1d1-e22342ecd1b3,2,4,cnn,
69580951-44c7-4ce9-b1d1-e22342ecd1b3,2,4,cnn,
69580951-44c7-4ce9-b1d1-e22342ecd1b3,2,7,msnbc,
69580951-44c7-4ce9-b1d1-e22342ecd1b3,2,7,msnbc,
69580951-44c7-4ce9-b1d1-e22342ecd1b3,2,7,msnbc,
69580951-44c7-4ce9-b1d1-e22342ecd1b3,2,7,msnbc,
69580951-44c7-4ce9-b1d1-e22342ecd1b3,2,7,msnbc,
69580951-44c7-4ce9-b1d1-e22342ecd1b3,2,7,msnbc,
69580951-44c7-4ce9-b1d1-e22342ecd1b3,2,7,msnbc,
69580951-44c7-4ce9-b1d1-e22342ecd1b3,2,7,msnbc,
69580951-44c7-4ce9-b1d1-e22342ecd1b3,2,7,msnbc,
69580951-44c7-4ce9-b1d1-e22342ecd1b3,2,7,msnbc,
69580951-44c7-4ce9-b1d1-e22342ecd1b3,2,7,msnbc,
69580951-44c7-4ce9-b1d1-e22342ecd1b3,2,7,msnbc,
69580951-44c7-4ce9-b1d1-e22342ecd1b3,2,7,msnbc,
69580951-44c7-4ce9-b1d1-e22342ecd1b3,2,7,msnbc,
69580951-44c7-4ce9-b1d1-e22342ecd1b3,3,2,msnbc,
69580951-44c7-4ce9-b1d1-e22342ecd1b3,3,2,msnbc,
69580951-44c7-4ce9-b1d1-e22342ecd1b3,3,2,msnbc,
69580951-44c7-4ce9-b1d1-e22342ecd1b3,3,2,msnbc,
69580951-44c7-4ce9-b1d1-e22342ecd1b3,3,2,cnn,
69580951-44c7-4ce9-b1d1-e22342ecd1b3,3,2,cnn,
69580951-44c7-4ce9-b1d1-e22342ecd1b3,3,2,cnn,
69580951-44c7-4ce9-b1d1-e22342ecd1b3,3,2,cnn,
69580951-44c7-4ce9-b1d1-e22342ecd1b3,3,2,cnn,
69580951-44c7-4ce9-b1d1-e22342ecd1b3,3,2,cnn,
69580951-44c7-4ce9-b1d1-e22342ecd1b3,3,2,cnn,
69580951-44c7-4ce9-b1d1-e22342ecd1b3,3,2,cnn,
69580951-44c7-4ce9-b1d1-e22342ecd1b3,3,2,cnn,
69580951-44c7-4ce9-b1d1-e22342ecd1b3,3,2,cnn,
69580951-44c7-4ce9-b1d1-e22342ecd1b3,3,2,cnn,
69580951-44c7-4ce9-b1d1-e22342ecd1b3,3,2,cnn,
69580951-44c7-4ce9-b1d1-e22342ecd1b3,3,2,cnn,
69580951-44c7-4ce9-b1d1-e22342ecd1b3,3,2,cnn,
69580951-44c7-4ce9-b1d1-e22342ecd1b3,4,1,foxnews,asdfasdf
69580951-44c7-4ce9-b1d1-e22342ecd1b3,4,1,foxnews,asdfasdf
69580951-44c7-4ce9-b1d1-e22342ecd1b3,4,1,foxnews,asdfasdf
69580951-44c7-4ce9-b1d1-e22342ecd1b3,4,1,foxnews,asdfasdf
69580951-44c7-4ce9-b1d1-e22342ecd1b3,4,8,foxnews,asdfasdf
69580951-44c7-4ce9-b1d1-e22342ecd1b3,4,8,foxnews,asdfasdf
69580951-44c7-4ce9-b1d1-e22342ecd1b3,4,8,foxnews,asdfasdf
69580951-44c7-4ce9-b1d1-e22342ecd1b3,4,8,foxnews,asdfasdf
69580951-44c7-4ce9-b1d1-e22342ecd1b3,4,8,foxnews,asdfasdf
69580951-44c7-4ce9-b1d1-e22342ecd1b3,4,8,foxnews,asdfasdf
69580951-44c7-4ce9-b1d1-e22342ecd1b3,4,8,foxnews,asdfasdf
69580951-44c7-4ce9-b1d1-e22342ecd1b3,4,8,foxnews,asdfasdf
69580951-44c7-4ce9-b1d1-e22342ecd1b3,4,8,foxnews,asdfasdf
69580951-44c7-4ce9-b1d1-e22342ecd1b3,4,8,foxnews,asdfasdf
69580951-44c7-4ce9-b1d1-e22342ecd1b3,4,8,foxnews,asdfasdf
69580951-44c7-4ce9-b1d1-e22342ecd1b3,4,8,foxnews,asdfasdf
69580951-44c7-4ce9-b1d1-e22342ecd1b3,4,8,foxnews,asdfasdf
69580951-44c7-4ce9-b1d1-e22342ecd1b3,4,8,foxnews,asdfasdf
69580951-44c7-4ce9-b1d1-e22342ecd1b3,5,6,msnbc,
69580951-44c7-4ce9-b1d1-e22342ecd1b3,5,6,msnbc,
69580951-44c7-4ce9-b1d1-e22342ecd1b3,5,6,msnbc,
69580951-44c7-4ce9-b1d1-e22342ecd1b3,5,6,msnbc,
69580951-44c7-4ce9-b1d1-e22342ecd1b3,5,6,msnbc,
69580951-44c7-4ce9-b1d1-e22342ecd1b3,5,6,msnbc,
69580951-44c7-4ce9-b1d1-e22342ecd1b3,5,6,msnbc,
69580951-44c7-4ce9-b1d1-e22342ecd1b3,5,6,msnbc,
69580951-44c7-4ce9-b1d1-e22342ecd1b3,5,6,msnbc,
69580951-44c7-4ce9-b1d1-e22342ecd1b3,5,6,msnbc,
69580951-44c7-4ce9-b1d1-e22342ecd1b3,5,6,msnbc,
69580951-44c7-4ce9-b1d1-e22342ecd1b3,5,6,msnbc,
69580951-44c7-4ce9-b1d1-e22342ecd1b3,5,6,msnbc,
69580951-44c7-4ce9-b1d1-e22342ecd1b3,5,6,msnbc,
69580951-44c7-4ce9-b1d1-e22342ecd1b3,6,9,msnbc,asdfasdf
69580951-44c7-4ce9-b1d1-e22342ecd1b3,6,9,msnbc,asdfasdf
69580951-44c7-4ce9-b1d1-e22342ecd1b3,6,9,msnbc,asdfasdf
69580951-44c7-4ce9-b1d1-e22342ecd1b3,6,9,msnbc,asdfasdf
69580951-44c7-4ce9-b1d1-e22342ecd1b3,6,9,msnbc,asdfasdf
69580951-44c7-4ce9-b1d1-e22342ecd1b3,6,9,msnbc,asdfasdf
69580951-44c7-4ce9-b1d1-e22342ecd1b3,6,9,msnbc,asdfasdf
69580951-44c7-4ce9-b1d1-e22342ecd1b3,6,9,msnbc,asdfasdf
69580951-44c7-4ce9-b1d1-e22342ecd1b3,6,9,msnbc,asdfasdf
69580951-44c7-4ce9-b1d1-e22342ecd1b3,6,9,msnbc,asdfasdf
69580951-44c7-4ce9-b1d1-e22342ecd1b3,6,9,msnbc,asdfasdf
69580951-44c7-4ce9-b1d1-e22342ecd1b3,6,9,msnbc,asdfasdf
69580951-44c7-4ce9-b1d1-e22342ecd1b3,6,9,msnbc,asdfasdf
69580951-44c7-4ce9-b1d1-e22342ecd1b3,6,9,msnbc,asdfasdf
69580951-44c7-4ce9-b1d1-e22342ecd1b3,7,4,foxnews,
69580951-44c7-4ce9-b1d1-e22342ecd1b3,7,4,foxnews,
69580951-44c7-4ce9-b1d1-e22342ecd1b3,7,4,foxnews,
69580951-44c7-4ce9-b1d1-e22342ecd1b3,7,4,foxnews,
69580951-44c7-4ce9-b1d1-e22342ecd1b3,7,4,foxnews,
69580951-44c7-4ce9-b1d1-e22342ecd1b3,7,4,foxnews,
69580951-44c7-4ce9-b1d1-e22342ecd1b3,7,4,foxnews,
69580951-44c7-4ce9-b1d1-e22342ecd1b3,7,4,foxnews,
69580951-44c7-4ce9-b1d1-e22342ecd1b3,7,4,foxnews,
69580951-44c7-4ce9-b1d1-e22342ecd1b3,7,4,foxnews,
69580951-44c7-4ce9-b1d1-e22342ecd1b3,7,4,foxnews,
69580951-44c7-4ce9-b1d1-e22342ecd1b3,7,4,foxnews,
69580951-44c7-4ce9-b1d1-e22342ecd1b3,7,4,foxnews,
69580951-44c7-4ce9-b1d1-e22342ecd1b3,7,4,foxnews,
69580951-44c7-4ce9-b1d1-e22342ecd1b3,8,1,foxnews,
69580951-44c7-4ce9-b1d1-e22342ecd1b3,8,1,foxnews,
69580951-44c7-4ce9-b1d1-e22342ecd1b3,8,1,foxnews,
69580951-44c7-4ce9-b1d1-e22342ecd1b3,8,1,foxnews,
69580951-44c7-4ce9-b1d1-e22342ecd1b3,8,1,foxnews,
69580951-44c7-4ce9-b1d1-e22342ecd1b3,8,1,foxnews,
69580951-44c7-4ce9-b1d1-e22342ecd1b3,8,1,foxnews,
69580951-44c7-4ce9-b1d1-e22342ecd1b3,8,1,foxnews,
69580951-44c7-4ce9-b1d1-e22342ecd1b3,8,1,foxnews,
69580951-44c7-4ce9-b1d1-e22342ecd1b3,8,1,foxnews,
69580951-44c7-4ce9-b1d1-e22342ecd1b3,8,1,foxnews,
69580951-44c7-4ce9-b1d1-e22342ecd1b3,8,1,foxnews,
69580951-44c7-4ce9-b1d1-e22342ecd1b3,8,1,foxnews,
69580951-44c7-4ce9-b1d1-e22342ecd1b3,8,1,foxnews,
69580951-44c7-4ce9-b1d1-e22342ecd1b3,9,0,msnbc,
69580951-44c7-4ce9-b1d1-e22342ecd1b3,9,0,msnbc,
69580951-44c7-4ce9-b1d1-e22342ecd1b3,9,0,msnbc,
69580951-44c7-4ce9-b1d1-e22342ecd1b3,9,0,msnbc,
69580951-44c7-4ce9-b1d1-e22342ecd1b3,9,0,msnbc,
69580951-44c7-4ce9-b1d1-e22342ecd1b3,9,0,msnbc,
69580951-44c7-4ce9-b1d1-e22342ecd1b3,9,0,msnbc,
69580951-44c7-4ce9-b1d1-e22342ecd1b3,9,0,msnbc,
69580951-44c7-4ce9-b1d1-e22342ecd1b3,9,0,msnbc,
69580951-44c7-4ce9-b1d1-e22342ecd1b3,9,0,msnbc,
69580951-44c7-4ce9-b1d1-e22342ecd1b3,9,0,msnbc,
69580951-44c7-4ce9-b1d1-e22342ecd1b3,9,0,msnbc,
69580951-44c7-4ce9-b1d1-e22342ecd1b3,9,0,msnbc,
69580951-44c7-4ce9-b1d1-e22342ecd1b3,9,0,msnbc,
69580951-44c7-4ce9-b1d1-e22342ecd1b3,0,3,cnn,
69580951-44c7-4ce9-b1d1-e22342ecd1b3,0,3,cnn,
69580951-44c7-4ce9-b1d1-e22342ecd1b3,1,5,cnn,
69580951-44c7-4ce9-b1d1-e22342ecd1b3,1,5,cnn,
69580951-44c7-4ce9-b1d1-e22342ecd1b3,2,7,msnbc,
69580951-44c7-4ce9-b1d1-e22342ecd1b3,2,7,msnbc,
69580951-44c7-4ce9-b1d1-e22342ecd1b3,3,2,cnn,
69580951-44c7-4ce9-b1d1-e22342ecd1b3,3,2,cnn,
69580951-44c7-4ce9-b1d1-e22342ecd1b3,4,8,foxnews,
69580951-44c7-4ce9-b1d1-e22342ecd1b3,4,8,foxnews,
69580951-44c7-4ce9-b1d1-e22342ecd1b3,5,6,msnbc,
69580951-44c7-4ce9-b1d1-e22342ecd1b3,5,6,msnbc,
69580951-44c7-4ce9-b1d1-e22342ecd1b3,6,9,msnbc,
69580951-44c7-4ce9-b1d1-e22342ecd1b3,6,9,msnbc,
69580951-44c7-4ce9-b1d1-e22342ecd1b3,7,4,foxnews,
69580951-44c7-4ce9-b1d1-e22342ecd1b3,7,4,foxnews,
69580951-44c7-4ce9-b1d1-e22342ecd1b3,8,1,foxnews,
69580951-44c7-4ce9-b1d1-e22342ecd1b3,8,1,foxnews,
69580951-44c7-4ce9-b1d1-e22342ecd1b3,9,0,msnbc,
69580951-44c7-4ce9-b1d1-e22342ecd1b3,9,0,msnbc,
6a86cac7-a3b8-489d-a08f-ca03acf9b40b,0,0,msnbc,
6a86cac7-a3b8-489d-a08f-ca03acf9b40b,1,8,cnn,
6a86cac7-a3b8-489d-a08f-ca03acf9b40b,2,3,foxnews,
6a86cac7-a3b8-489d-a08f-ca03acf9b40b,3,1,msnbc,
6a86cac7-a3b8-489d-a08f-ca03acf9b40b,4,5,cnn,
6a86cac7-a3b8-489d-a08f-ca03acf9b40b,5,4,msnbc,
6a86cac7-a3b8-489d-a08f-ca03acf9b40b,6,6,msnbc,
6a86cac7-a3b8-489d-a08f-ca03acf9b40b,7,7,foxnews,
6a86cac7-a3b8-489d-a08f-ca03acf9b40b,8,2,foxnews,
6a86cac7-a3b8-489d-a08f-ca03acf9b40b,9,9,cnn,
6ba87e7f-3823-434e-a249-e7fe62048b16,0,2,foxnews,
6ba87e7f-3823-434e-a249-e7fe62048b16,0,2,foxnews,
6ba87e7f-3823-434e-a249-e7fe62048b16,1,5,cnn,
6ba87e7f-3823-434e-a249-e7fe62048b16,1,5,cnn,
6ba87e7f-3823-434e-a249-e7fe62048b16,2,8,msnbc,
6ba87e7f-3823-434e-a249-e7fe62048b16,2,8,msnbc,
6ba87e7f-3823-434e-a249-e7fe62048b16,3,1,msnbc,
6ba87e7f-3823-434e-a249-e7fe62048b16,3,1,msnbc,
6ba87e7f-3823-434e-a249-e7fe62048b16,4,3,foxnews,
6ba87e7f-3823-434e-a249-e7fe62048b16,4,3,foxnews,
6ba87e7f-3823-434e-a249-e7fe62048b16,5,6,msnbc,
6ba87e7f-3823-434e-a249-e7fe62048b16,5,6,msnbc,
6ba87e7f-3823-434e-a249-e7fe62048b16,6,4,foxnews,
6ba87e7f-3823-434e-a249-e7fe62048b16,6,4,foxnews,
6ba87e7f-3823-434e-a249-e7fe62048b16,7,9,msnbc,
6ba87e7f-3823-434e-a249-e7fe62048b16,7,9,msnbc,
6ba87e7f-3823-434e-a249-e7fe62048b16,8,7,cnn,
6ba87e7f-3823-434e-a249-e7fe62048b16,8,7,cnn,
6ba87e7f-3823-434e-a249-e7fe62048b16,9,0,cnn,
6ba87e7f-3823-434e-a249-e7fe62048b16,9,0,cnn,
70efefd4-03be-4902-bb2c-1dca4f46bc62,0,6,msnbc,
70efefd4-03be-4902-bb2c-1dca4f46bc62,1,9,msnbc,
70efefd4-03be-4902-bb2c-1dca4f46bc62,2,0,cnn,
70efefd4-03be-4902-bb2c-1dca4f46bc62,3,1,foxnews,
70efefd4-03be-4902-bb2c-1dca4f46bc62,4,3,msnbc,
70efefd4-03be-4902-bb2c-1dca4f46bc62,5,8,msnbc,
70efefd4-03be-4902-bb2c-1dca4f46bc62,6,2,cnn,
70efefd4-03be-4902-bb2c-1dca4f46bc62,7,4,cnn,
70efefd4-03be-4902-bb2c-1dca4f46bc62,8,5,foxnews,
70efefd4-03be-4902-bb2c-1dca4f46bc62,9,7,foxnews,
7385128c-2bc4-4ae0-881a-1b2d514021fe,0,5,msnbc,
7385128c-2bc4-4ae0-881a-1b2d514021fe,1,6,msnbc,
7385128c-2bc4-4ae0-881a-1b2d514021fe,2,9,foxnews,
7385128c-2bc4-4ae0-881a-1b2d514021fe,3,4,cnn,
7385128c-2bc4-4ae0-881a-1b2d514021fe,4,2,foxnews,
7385128c-2bc4-4ae0-881a-1b2d514021fe,5,0,foxnews,
7385128c-2bc4-4ae0-881a-1b2d514021fe,6,1,msnbc,
7385128c-2bc4-4ae0-881a-1b2d514021fe,7,8,cnn,
7385128c-2bc4-4ae0-881a-1b2d514021fe,8,7,cnn,
7385128c-2bc4-4ae0-881a-1b2d514021fe,9,3,msnbc,
743a9100-743a-4470-9618-6524253422d1,0,4,msnbc,
743a9100-743a-4470-9618-6524253422d1,1,2,msnbc,
743a9100-743a-4470-9618-6524253422d1,2,8,cnn,
743a9100-743a-4470-9618-6524253422d1,3,5,foxnews,
743a9100-743a-4470-9618-6524253422d1,4,6,msnbc,
743a9100-743a-4470-9618-6524253422d1,5,1,foxnews,
743a9100-743a-4470-9618-6524253422d1,6,0,cnn,
743a9100-743a-4470-9618-6524253422d1,7,9,cnn,
743a9100-743a-4470-9618-6524253422d1,8,3,foxnews,
743a9100-743a-4470-9618-6524253422d1,9,7,msnbc,
767cc683-0597-4e47-924d-86efb75b5c79,0,7,cnn,
767cc683-0597-4e47-924d-86efb75b5c79,1,8,cnn,
767cc683-0597-4e47-924d-86efb75b5c79,2,2,cnn,
767cc683-0597-4e47-924d-86efb75b5c79,3,9,foxnews,
767cc683-0597-4e47-924d-86efb75b5c79,4,3,msnbc,
767cc683-0597-4e47-924d-86efb75b5c79,5,6,msnbc,
767cc683-0597-4e47-924d-86efb75b5c79,6,5,msnbc,
767cc683-0597-4e47-924d-86efb75b5c79,7,4,foxnews,
767cc683-0597-4e47-924d-86efb75b5c79,8,1,foxnews,u.s. soldier was freed in exchange of five taliban prisoners.
767cc683-0597-4e47-924d-86efb75b5c79,9,0,msnbc,virginia man has been arrested for stealing memorial signs.
77996940-dc83-4e92-8574-11eb8c93f6e6,0,9,foxnews,
77996940-dc83-4e92-8574-11eb8c93f6e6,1,1,msnbc,
77996940-dc83-4e92-8574-11eb8c93f6e6,2,7,foxnews,
77996940-dc83-4e92-8574-11eb8c93f6e6,3,8,cnn,
77996940-dc83-4e92-8574-11eb8c93f6e6,4,5,cnn,
77996940-dc83-4e92-8574-11eb8c93f6e6,5,4,msnbc,
77996940-dc83-4e92-8574-11eb8c93f6e6,6,3,cnn,
77996940-dc83-4e92-8574-11eb8c93f6e6,7,2,foxnews,
77996940-dc83-4e92-8574-11eb8c93f6e6,8,6,msnbc,
77996940-dc83-4e92-8574-11eb8c93f6e6,9,0,msnbc,
7a0f5e6d-e86b-4697-bf74-37021e9e5be0,0,0,foxnews,
7a0f5e6d-e86b-4697-bf74-37021e9e5be0,1,2,cnn,hello world!
7a0f5e6d-e86b-4697-bf74-37021e9e5be0,2,3,msnbc,
7a0f5e6d-e86b-4697-bf74-37021e9e5be0,3,4,cnn,
7a0f5e6d-e86b-4697-bf74-37021e9e5be0,4,1,msnbc,
7c027296-5361-46aa-be5d-a768ec44f56d,0,2,foxnews,
7c027296-5361-46aa-be5d-a768ec44f56d,1,1,cnn,
7c027296-5361-46aa-be5d-a768ec44f56d,2,4,foxnews,
7c027296-5361-46aa-be5d-a768ec44f56d,3,9,foxnews,
7c027296-5361-46aa-be5d-a768ec44f56d,4,0,msnbc,
7c027296-5361-46aa-be5d-a768ec44f56d,5,5,cnn,
7c027296-5361-46aa-be5d-a768ec44f56d,6,7,msnbc,
7c027296-5361-46aa-be5d-a768ec44f56d,7,3,cnn,
7c027296-5361-46aa-be5d-a768ec44f56d,8,6,msnbc,
7c027296-5361-46aa-be5d-a768ec44f56d,9,8,msnbc,
7d2f16da-7f83-4673-a372-62dd61eada7d,0,0,foxnews,Don't go to Mount Rainier
7d2f16da-7f83-4673-a372-62dd61eada7d,1,1,cnn,Fake funeral for a row house happened in Philadelphia.
7d2f16da-7f83-4673-a372-62dd61eada7d,2,3,foxnews,
7d2f16da-7f83-4673-a372-62dd61eada7d,3,4,msnbc,
7d2f16da-7f83-4673-a372-62dd61eada7d,4,6,msnbc,
7d2f16da-7f83-4673-a372-62dd61eada7d,5,2,msnbc,Moron gives back a lot of money.
7d2f16da-7f83-4673-a372-62dd61eada7d,6,9,cnn,
7d2f16da-7f83-4673-a372-62dd61eada7d,7,7,foxnews,
7d2f16da-7f83-4673-a372-62dd61eada7d,8,8,cnn,
7d2f16da-7f83-4673-a372-62dd61eada7d,9,5,msnbc,
7d40c229-8575-4a5a-a174-28cba8e0d38a,0,9,msnbc,
7d40c229-8575-4a5a-a174-28cba8e0d38a,1,1,msnbc,
7d40c229-8575-4a5a-a174-28cba8e0d38a,2,3,cnn,
7d40c229-8575-4a5a-a174-28cba8e0d38a,3,4,msnbc,
7d40c229-8575-4a5a-a174-28cba8e0d38a,4,8,msnbc,
7d40c229-8575-4a5a-a174-28cba8e0d38a,5,2,cnn,
7d40c229-8575-4a5a-a174-28cba8e0d38a,6,5,cnn,
7d40c229-8575-4a5a-a174-28cba8e0d38a,7,0,foxnews,Sterling sues NBA after being forced to sell the Clippers as a result of his racist remarks.
7d40c229-8575-4a5a-a174-28cba8e0d38a,8,7,foxnews,
7d40c229-8575-4a5a-a174-28cba8e0d38a,9,6,foxnews,
800e131f-c142-41a6-ad16-87f8db953117,0,6,msnbc,
800e131f-c142-41a6-ad16-87f8db953117,1,4,cnn,
800e131f-c142-41a6-ad16-87f8db953117,2,8,foxnews,
800e131f-c142-41a6-ad16-87f8db953117,3,7,foxnews,
800e131f-c142-41a6-ad16-87f8db953117,4,2,foxnews,"
US will miss the deadline for removing material from Los Alamos site."
800e131f-c142-41a6-ad16-87f8db953117,5,3,msnbc,"
Man gives $125K that dropped for an armored car to charity."
800e131f-c142-41a6-ad16-87f8db953117,6,1,cnn,
800e131f-c142-41a6-ad16-87f8db953117,7,0,msnbc,"
Sterling reached an agreement to sell Clippers for $ 1 billion dollars."
800e131f-c142-41a6-ad16-87f8db953117,8,9,msnbc,
800e131f-c142-41a6-ad16-87f8db953117,9,5,cnn,
82e9e493-34de-4240-8f91-a3c32229a11a,0,4,foxnews,
82e9e493-34de-4240-8f91-a3c32229a11a,1,0,msnbc,
82e9e493-34de-4240-8f91-a3c32229a11a,2,2,foxnews,
82e9e493-34de-4240-8f91-a3c32229a11a,3,8,foxnews,
82e9e493-34de-4240-8f91-a3c32229a11a,4,5,cnn,
82e9e493-34de-4240-8f91-a3c32229a11a,5,3,msnbc,
82e9e493-34de-4240-8f91-a3c32229a11a,6,7,msnbc,
82e9e493-34de-4240-8f91-a3c32229a11a,7,6,cnn,
82e9e493-34de-4240-8f91-a3c32229a11a,8,9,msnbc,
82e9e493-34de-4240-8f91-a3c32229a11a,9,1,cnn,
832129d5-2c61-43e3-933b-1944fa95e2e0,0,7,msnbc,
832129d5-2c61-43e3-933b-1944fa95e2e0,1,4,msnbc,
832129d5-2c61-43e3-933b-1944fa95e2e0,2,5,cnn,
832129d5-2c61-43e3-933b-1944fa95e2e0,3,6,foxnews,
832129d5-2c61-43e3-933b-1944fa95e2e0,4,1,msnbc,U.S. to miss deadline for removing nuclear waste from Los Alamos
832129d5-2c61-43e3-933b-1944fa95e2e0,5,3,cnn,
832129d5-2c61-43e3-933b-1944fa95e2e0,6,0,foxnews,Sexual abuse charges against a former military boarding school for boys.
832129d5-2c61-43e3-933b-1944fa95e2e0,7,8,cnn,
832129d5-2c61-43e3-933b-1944fa95e2e0,8,2,msnbc,
832129d5-2c61-43e3-933b-1944fa95e2e0,9,9,foxnews,
8684ab06-b629-4415-809d-b6e17442d52b,0,3,cnn,
8684ab06-b629-4415-809d-b6e17442d52b,1,2,foxnews,
8684ab06-b629-4415-809d-b6e17442d52b,2,7,msnbc,
8684ab06-b629-4415-809d-b6e17442d52b,3,1,msnbc,
8684ab06-b629-4415-809d-b6e17442d52b,4,6,foxnews,
8684ab06-b629-4415-809d-b6e17442d52b,5,4,foxnews,
8684ab06-b629-4415-809d-b6e17442d52b,6,9,msnbc,
8684ab06-b629-4415-809d-b6e17442d52b,7,0,cnn,
8684ab06-b629-4415-809d-b6e17442d52b,8,5,msnbc,
8684ab06-b629-4415-809d-b6e17442d52b,9,8,cnn,
8714671a-91fc-4740-b4b6-bdbd10b6ba73,0,8,msnbc,
8714671a-91fc-4740-b4b6-bdbd10b6ba73,1,4,foxnews,
8714671a-91fc-4740-b4b6-bdbd10b6ba73,2,1,cnn,
8714671a-91fc-4740-b4b6-bdbd10b6ba73,3,0,msnbc,
8714671a-91fc-4740-b4b6-bdbd10b6ba73,4,3,cnn,
8714671a-91fc-4740-b4b6-bdbd10b6ba73,5,5,msnbc,
8714671a-91fc-4740-b4b6-bdbd10b6ba73,6,9,foxnews,
8714671a-91fc-4740-b4b6-bdbd10b6ba73,7,2,foxnews,
8714671a-91fc-4740-b4b6-bdbd10b6ba73,8,6,msnbc,
8714671a-91fc-4740-b4b6-bdbd10b6ba73,9,7,cnn,
92e8a92e-3a02-4714-91c5-be166eae3127,0,1,cnn,
92e8a92e-3a02-4714-91c5-be166eae3127,1,3,cnn,
92e8a92e-3a02-4714-91c5-be166eae3127,2,6,msnbc,
92e8a92e-3a02-4714-91c5-be166eae3127,3,9,msnbc,
92e8a92e-3a02-4714-91c5-be166eae3127,4,7,foxnews,
92e8a92e-3a02-4714-91c5-be166eae3127,5,8,cnn,
92e8a92e-3a02-4714-91c5-be166eae3127,6,0,foxnews,
92e8a92e-3a02-4714-91c5-be166eae3127,7,5,msnbc,
92e8a92e-3a02-4714-91c5-be166eae3127,8,2,msnbc,
92e8a92e-3a02-4714-91c5-be166eae3127,9,4,foxnews,
95424108-6f64-445c-80c8-cdd36f010dcb,0,2,foxnews,Six climbers missing on Washington's Mount Rainier
95424108-6f64-445c-80c8-cdd36f010dcb,1,7,cnn,Requiem for a row house: Philadelphia neighborhood sees off old home
95424108-6f64-445c-80c8-cdd36f010dcb,2,4,msnbc,Obama accepts veterans affairs chief resignation with 'regret'
95424108-6f64-445c-80c8-cdd36f010dcb,3,5,msnbc,California police unaware student had firearms before killings: report
95424108-6f64-445c-80c8-cdd36f010dcb,4,9,foxnews,U.S. to miss deadline for removing nuclear waste from Los Alamos
95424108-6f64-445c-80c8-cdd36f010dcb,5,6,msnbc,California man returns $125K dropped from armored car
95424108-6f64-445c-80c8-cdd36f010dcb,6,8,cnn,Former California military academy head hit with new sex assault charges
95424108-6f64-445c-80c8-cdd36f010dcb,7,0,msnbc,"NBA moves on Clippers sale, Sterling sues for $1 billion"
95424108-6f64-445c-80c8-cdd36f010dcb,8,3,cnn,"U.S. soldier freed in Afghanistan, five Taliban prisoners to leave Guantanamo"
95424108-6f64-445c-80c8-cdd36f010dcb,9,1,foxnews,Virginia man with stolen Sandy Hook memorial signs is arrested
9941aae8-9be8-4159-90b3-5eedb57284c1,0,7,foxnews,
9941aae8-9be8-4159-90b3-5eedb57284c1,1,0,msnbc,
9941aae8-9be8-4159-90b3-5eedb57284c1,2,4,cnn,
9941aae8-9be8-4159-90b3-5eedb57284c1,3,8,foxnews,
9941aae8-9be8-4159-90b3-5eedb57284c1,4,3,msnbc,
9941aae8-9be8-4159-90b3-5eedb57284c1,5,2,foxnews,
9941aae8-9be8-4159-90b3-5eedb57284c1,6,6,msnbc,
9941aae8-9be8-4159-90b3-5eedb57284c1,7,9,msnbc,
9941aae8-9be8-4159-90b3-5eedb57284c1,8,5,cnn,
9941aae8-9be8-4159-90b3-5eedb57284c1,9,1,cnn,
9bd076aa-5741-41e9-84f9-a0b3bf7870fe,0,8,cnn,
9bd076aa-5741-41e9-84f9-a0b3bf7870fe,1,1,cnn,
9bd076aa-5741-41e9-84f9-a0b3bf7870fe,2,0,msnbc,
9bd076aa-5741-41e9-84f9-a0b3bf7870fe,3,6,foxnews,California police unaware student had firearms before killings
9bd076aa-5741-41e9-84f9-a0b3bf7870fe,4,5,msnbc,u.s.a will not meet deadline for removing nuclear waste from Los Alamos
9bd076aa-5741-41e9-84f9-a0b3bf7870fe,5,3,msnbc,california man from a rehabilitation program returned 125K dropped from armored car
9bd076aa-5741-41e9-84f9-a0b3bf7870fe,6,7,foxnews,
9bd076aa-5741-41e9-84f9-a0b3bf7870fe,7,9,foxnews,
9bd076aa-5741-41e9-84f9-a0b3bf7870fe,8,2,cnn,
9bd076aa-5741-41e9-84f9-a0b3bf7870fe,9,4,msnbc,
a4e3d4df-9e9b-4d83-aa01-ffae72ebb818,0,3,foxnews,
a4e3d4df-9e9b-4d83-aa01-ffae72ebb818,1,2,msnbc,
a4e3d4df-9e9b-4d83-aa01-ffae72ebb818,2,8,cnn,
a4e3d4df-9e9b-4d83-aa01-ffae72ebb818,3,5,cnn,
a4e3d4df-9e9b-4d83-aa01-ffae72ebb818,4,4,msnbc,
a4e3d4df-9e9b-4d83-aa01-ffae72ebb818,5,6,cnn,
a4e3d4df-9e9b-4d83-aa01-ffae72ebb818,6,1,foxnews,
a4e3d4df-9e9b-4d83-aa01-ffae72ebb818,7,9,msnbc,
a4e3d4df-9e9b-4d83-aa01-ffae72ebb818,8,0,foxnews,
a4e3d4df-9e9b-4d83-aa01-ffae72ebb818,9,7,msnbc,
a6ddc2b9-5236-4ace-a431-788659e0a06a,0,8,msnbc,Six Climbers missing!
a6ddc2b9-5236-4ace-a431-788659e0a06a,1,0,foxnews,
a6ddc2b9-5236-4ace-a431-788659e0a06a,2,6,foxnews,
a6ddc2b9-5236-4ace-a431-788659e0a06a,3,4,cnn,
a6ddc2b9-5236-4ace-a431-788659e0a06a,4,5,foxnews,
a6ddc2b9-5236-4ace-a431-788659e0a06a,5,1,msnbc,%125 was returned by an innocent Californian.
a6ddc2b9-5236-4ace-a431-788659e0a06a,6,3,cnn,
a6ddc2b9-5236-4ace-a431-788659e0a06a,7,9,msnbc,Clipppers sold.
a6ddc2b9-5236-4ace-a431-788659e0a06a,8,7,msnbc,
a6ddc2b9-5236-4ace-a431-788659e0a06a,9,2,cnn,
a87a9d41-c884-4e20-af08-0dbeceec7dc2,0,0,foxnews,
a87a9d41-c884-4e20-af08-0dbeceec7dc2,1,7,msnbc,
a87a9d41-c884-4e20-af08-0dbeceec7dc2,2,8,cnn,"US Veterans Affairs Secretary Eric Shinseki resigns due to problemas with delays in medical care, and Obama accepts it reluctantly."
a87a9d41-c884-4e20-af08-0dbeceec7dc2,3,2,msnbc,
a87a9d41-c884-4e20-af08-0dbeceec7dc2,4,5,foxnews,
a87a9d41-c884-4e20-af08-0dbeceec7dc2,5,4,cnn,
a87a9d41-c884-4e20-af08-0dbeceec7dc2,6,9,msnbc,
a87a9d41-c884-4e20-af08-0dbeceec7dc2,7,1,msnbc,
a87a9d41-c884-4e20-af08-0dbeceec7dc2,8,6,cnn,
a87a9d41-c884-4e20-af08-0dbeceec7dc2,9,3,foxnews,
a98dfe52-a21a-46d6-8451-f6a7a7dba9b5,0,2,cnn,Six climbers having been missing on Mount Rainier since Wednesday. Search is underway. 
a98dfe52-a21a-46d6-8451-f6a7a7dba9b5,1,1,cnn,
a98dfe52-a21a-46d6-8451-f6a7a7dba9b5,2,3,msnbc,
a98dfe52-a21a-46d6-8451-f6a7a7dba9b5,3,5,foxnews,
a98dfe52-a21a-46d6-8451-f6a7a7dba9b5,4,8,foxnews,
a98dfe52-a21a-46d6-8451-f6a7a7dba9b5,5,0,msnbc,A man found $125K that fell from an amoured car. He returned it. Good man. 
a98dfe52-a21a-46d6-8451-f6a7a7dba9b5,6,9,msnbc,
a98dfe52-a21a-46d6-8451-f6a7a7dba9b5,7,6,foxnews,"This is a roundup of NBA news. Paul Allen bought the Clippers and that is going forward. Sterling, after being banned for life from the NBA, has sued the NBA for $1B, because, well, he's a dick. "
a98dfe52-a21a-46d6-8451-f6a7a7dba9b5,8,7,cnn,
a98dfe52-a21a-46d6-8451-f6a7a7dba9b5,9,4,msnbc,
ad510ba9-77f8-4a6b-bbe7-510438e8582e,0,4,msnbc,
ad510ba9-77f8-4a6b-bbe7-510438e8582e,1,2,cnn,
ad510ba9-77f8-4a6b-bbe7-510438e8582e,2,0,msnbc,
ad510ba9-77f8-4a6b-bbe7-510438e8582e,3,7,foxnews,
ad510ba9-77f8-4a6b-bbe7-510438e8582e,4,1,msnbc,
ad510ba9-77f8-4a6b-bbe7-510438e8582e,5,8,foxnews,
ad510ba9-77f8-4a6b-bbe7-510438e8582e,6,3,cnn,
ad510ba9-77f8-4a6b-bbe7-510438e8582e,7,5,msnbc,
ad510ba9-77f8-4a6b-bbe7-510438e8582e,8,9,cnn,
ad510ba9-77f8-4a6b-bbe7-510438e8582e,9,6,foxnews,
b0072bf8-eef2-4e43-a6ec-4d03eaecc7fd,0,5,cnn,
b0072bf8-eef2-4e43-a6ec-4d03eaecc7fd,1,1,msnbc,
b0072bf8-eef2-4e43-a6ec-4d03eaecc7fd,2,0,foxnews,
b0072bf8-eef2-4e43-a6ec-4d03eaecc7fd,3,8,msnbc,
b0072bf8-eef2-4e43-a6ec-4d03eaecc7fd,4,2,foxnews,
b0072bf8-eef2-4e43-a6ec-4d03eaecc7fd,5,4,msnbc,
b0072bf8-eef2-4e43-a6ec-4d03eaecc7fd,6,6,cnn,
b0072bf8-eef2-4e43-a6ec-4d03eaecc7fd,7,9,foxnews,
b0072bf8-eef2-4e43-a6ec-4d03eaecc7fd,8,7,cnn,
b0072bf8-eef2-4e43-a6ec-4d03eaecc7fd,9,3,msnbc,
b1eba993-6e11-4132-bb86-1e608c8bf3e5,0,2,msnbc,
b1eba993-6e11-4132-bb86-1e608c8bf3e5,1,1,foxnews,
b1eba993-6e11-4132-bb86-1e608c8bf3e5,2,9,msnbc,
b1eba993-6e11-4132-bb86-1e608c8bf3e5,3,6,cnn,
b1eba993-6e11-4132-bb86-1e608c8bf3e5,4,0,cnn,
b1eba993-6e11-4132-bb86-1e608c8bf3e5,5,5,foxnews,
b1eba993-6e11-4132-bb86-1e608c8bf3e5,6,4,msnbc,
b1eba993-6e11-4132-bb86-1e608c8bf3e5,7,3,cnn,
b1eba993-6e11-4132-bb86-1e608c8bf3e5,8,7,msnbc,
b1eba993-6e11-4132-bb86-1e608c8bf3e5,9,8,foxnews,
b3188ee4-981a-4b25-a075-688357b892cd,0,9,msnbc,Six climbers went missing on Washington's Mount Rainier.
b3188ee4-981a-4b25-a075-688357b892cd,1,0,foxnews,
b3188ee4-981a-4b25-a075-688357b892cd,2,2,msnbc,
b3188ee4-981a-4b25-a075-688357b892cd,3,5,msnbc,
b3188ee4-981a-4b25-a075-688357b892cd,4,4,cnn,
b3188ee4-981a-4b25-a075-688357b892cd,5,3,cnn,
b3188ee4-981a-4b25-a075-688357b892cd,6,7,msnbc,Former top administrator J. Barton pleads not guilty being charged with counts of sexual abuse.
b3188ee4-981a-4b25-a075-688357b892cd,7,6,foxnews,The Clippers owner Sterling who was banned for life by the NBA for racists remarks sued the NBA for $1bn.
b3188ee4-981a-4b25-a075-688357b892cd,8,8,cnn,
b3188ee4-981a-4b25-a075-688357b892cd,9,1,foxnews,
b561309c-6001-4e9d-9616-24cc3c986078,0,0,cnn,
b561309c-6001-4e9d-9616-24cc3c986078,1,1,msnbc,
b561309c-6001-4e9d-9616-24cc3c986078,2,2,cnn,
b561309c-6001-4e9d-9616-24cc3c986078,3,8,foxnews,
b561309c-6001-4e9d-9616-24cc3c986078,4,3,msnbc,
b561309c-6001-4e9d-9616-24cc3c986078,5,7,msnbc,
b561309c-6001-4e9d-9616-24cc3c986078,6,9,foxnews,
b561309c-6001-4e9d-9616-24cc3c986078,7,4,cnn,
b561309c-6001-4e9d-9616-24cc3c986078,8,6,foxnews,
b561309c-6001-4e9d-9616-24cc3c986078,9,5,msnbc,
b62724ac-d146-41f8-9bf5-4b3d737da44e,0,9,msnbc,
b62724ac-d146-41f8-9bf5-4b3d737da44e,1,6,msnbc,
b62724ac-d146-41f8-9bf5-4b3d737da44e,2,8,foxnews,
b62724ac-d146-41f8-9bf5-4b3d737da44e,3,7,msnbc,
b62724ac-d146-41f8-9bf5-4b3d737da44e,4,3,msnbc,
b62724ac-d146-41f8-9bf5-4b3d737da44e,5,2,foxnews,
b62724ac-d146-41f8-9bf5-4b3d737da44e,6,0,cnn,
b62724ac-d146-41f8-9bf5-4b3d737da44e,7,1,cnn,
b62724ac-d146-41f8-9bf5-4b3d737da44e,8,5,foxnews,
b62724ac-d146-41f8-9bf5-4b3d737da44e,9,4,cnn,
b87e3644-09c3-440a-872a-dae4f936ce54,0,2,foxnews,
b87e3644-09c3-440a-872a-dae4f936ce54,1,7,foxnews,
b87e3644-09c3-440a-872a-dae4f936ce54,2,1,msnbc,
b87e3644-09c3-440a-872a-dae4f936ce54,3,6,cnn,
b87e3644-09c3-440a-872a-dae4f936ce54,4,5,msnbc,
b87e3644-09c3-440a-872a-dae4f936ce54,5,3,foxnews,
b87e3644-09c3-440a-872a-dae4f936ce54,6,4,cnn,
b87e3644-09c3-440a-872a-dae4f936ce54,7,0,msnbc,
b87e3644-09c3-440a-872a-dae4f936ce54,8,8,msnbc,
b87e3644-09c3-440a-872a-dae4f936ce54,9,9,cnn,
b889190a-7213-4c18-bdad-a41c7de4c416,0,1,cnn,
b889190a-7213-4c18-bdad-a41c7de4c416,1,5,foxnews,
b889190a-7213-4c18-bdad-a41c7de4c416,2,2,cnn,
b889190a-7213-4c18-bdad-a41c7de4c416,3,4,msnbc,
b889190a-7213-4c18-bdad-a41c7de4c416,4,9,foxnews,
b889190a-7213-4c18-bdad-a41c7de4c416,5,0,cnn,
b889190a-7213-4c18-bdad-a41c7de4c416,6,3,msnbc,
b889190a-7213-4c18-bdad-a41c7de4c416,7,8,foxnews,
b889190a-7213-4c18-bdad-a41c7de4c416,8,6,msnbc,
b889190a-7213-4c18-bdad-a41c7de4c416,9,7,msnbc,
b99741aa-a352-476e-8f3a-c37725d887a5,0,4,msnbc,
b99741aa-a352-476e-8f3a-c37725d887a5,1,2,msnbc,
b99741aa-a352-476e-8f3a-c37725d887a5,2,5,foxnews,
b99741aa-a352-476e-8f3a-c37725d887a5,3,1,cnn,Government comes short again.
b99741aa-a352-476e-8f3a-c37725d887a5,4,8,cnn,
b99741aa-a352-476e-8f3a-c37725d887a5,5,9,foxnews,
b99741aa-a352-476e-8f3a-c37725d887a5,6,6,msnbc,
b99741aa-a352-476e-8f3a-c37725d887a5,7,0,foxnews,Sterling fights back.
b99741aa-a352-476e-8f3a-c37725d887a5,8,7,cnn,
b99741aa-a352-476e-8f3a-c37725d887a5,9,3,msnbc,Breaking news: humanity is still really lame.
bdd45275-f3a3-4072-9484-338fbc8cebad,0,2,cnn,
bdd45275-f3a3-4072-9484-338fbc8cebad,1,8,foxnews,
bdd45275-f3a3-4072-9484-338fbc8cebad,2,6,cnn,
bdd45275-f3a3-4072-9484-338fbc8cebad,3,1,cnn,
bdd45275-f3a3-4072-9484-338fbc8cebad,4,4,foxnews,
bdd45275-f3a3-4072-9484-338fbc8cebad,5,7,msnbc,
bdd45275-f3a3-4072-9484-338fbc8cebad,6,0,msnbc,
bdd45275-f3a3-4072-9484-338fbc8cebad,7,5,msnbc,
bdd45275-f3a3-4072-9484-338fbc8cebad,8,9,foxnews,
bdd45275-f3a3-4072-9484-338fbc8cebad,9,3,msnbc,
c1be0057-8dbe-428c-b8c8-037deaed5b6a,0,2,cnn,
c1be0057-8dbe-428c-b8c8-037deaed5b6a,1,3,cnn,
c1be0057-8dbe-428c-b8c8-037deaed5b6a,2,5,msnbc,
c1be0057-8dbe-428c-b8c8-037deaed5b6a,3,0,foxnews,
c1be0057-8dbe-428c-b8c8-037deaed5b6a,4,8,foxnews,
c1be0057-8dbe-428c-b8c8-037deaed5b6a,5,6,msnbc,
c1be0057-8dbe-428c-b8c8-037deaed5b6a,6,7,cnn,
c1be0057-8dbe-428c-b8c8-037deaed5b6a,7,4,foxnews,
c1be0057-8dbe-428c-b8c8-037deaed5b6a,8,1,msnbc,
c1be0057-8dbe-428c-b8c8-037deaed5b6a,9,9,msnbc,
c31570f3-6177-4bf2-8ba5-157fd155be16,0,6,msnbc,
c31570f3-6177-4bf2-8ba5-157fd155be16,1,5,msnbc,
c31570f3-6177-4bf2-8ba5-157fd155be16,2,8,msnbc,
c31570f3-6177-4bf2-8ba5-157fd155be16,3,0,foxnews,
c31570f3-6177-4bf2-8ba5-157fd155be16,4,3,cnn,
c31570f3-6177-4bf2-8ba5-157fd155be16,5,9,foxnews,
c31570f3-6177-4bf2-8ba5-157fd155be16,6,1,cnn,
c31570f3-6177-4bf2-8ba5-157fd155be16,7,4,foxnews,
c31570f3-6177-4bf2-8ba5-157fd155be16,8,2,msnbc,
c31570f3-6177-4bf2-8ba5-157fd155be16,9,7,cnn,
c4b40051-ddbb-4b4b-93a6-8222d1243701,0,4,foxnews,
c4b40051-ddbb-4b4b-93a6-8222d1243701,1,6,msnbc,
c4b40051-ddbb-4b4b-93a6-8222d1243701,2,3,foxnews,
c4b40051-ddbb-4b4b-93a6-8222d1243701,3,2,foxnews,
c4b40051-ddbb-4b4b-93a6-8222d1243701,4,0,msnbc,
c4b40051-ddbb-4b4b-93a6-8222d1243701,5,9,cnn,
c4b40051-ddbb-4b4b-93a6-8222d1243701,6,5,msnbc,
c4b40051-ddbb-4b4b-93a6-8222d1243701,7,8,cnn,
c4b40051-ddbb-4b4b-93a6-8222d1243701,8,1,msnbc,
c4b40051-ddbb-4b4b-93a6-8222d1243701,9,7,cnn,
c5466e4b-07ee-485a-bbb2-ba5d682aa864,0,1,msnbc,
c5466e4b-07ee-485a-bbb2-ba5d682aa864,1,4,cnn,
c5466e4b-07ee-485a-bbb2-ba5d682aa864,2,3,msnbc,
c5466e4b-07ee-485a-bbb2-ba5d682aa864,3,9,foxnews,
c5466e4b-07ee-485a-bbb2-ba5d682aa864,4,8,msnbc,
c5466e4b-07ee-485a-bbb2-ba5d682aa864,5,0,foxnews,
c5466e4b-07ee-485a-bbb2-ba5d682aa864,6,5,foxnews,
c5466e4b-07ee-485a-bbb2-ba5d682aa864,7,2,cnn,
c5466e4b-07ee-485a-bbb2-ba5d682aa864,8,7,cnn,
c5466e4b-07ee-485a-bbb2-ba5d682aa864,9,6,msnbc,
c57856be-d421-4bbd-a2de-2933f85bce42,0,7,msnbc,
c57856be-d421-4bbd-a2de-2933f85bce42,1,9,foxnews,
c57856be-d421-4bbd-a2de-2933f85bce42,2,8,msnbc,
c57856be-d421-4bbd-a2de-2933f85bce42,3,0,cnn,
c57856be-d421-4bbd-a2de-2933f85bce42,4,3,foxnews,
c57856be-d421-4bbd-a2de-2933f85bce42,5,2,cnn,
c57856be-d421-4bbd-a2de-2933f85bce42,6,1,msnbc,
c57856be-d421-4bbd-a2de-2933f85bce42,7,6,foxnews,
c57856be-d421-4bbd-a2de-2933f85bce42,8,4,msnbc,
c57856be-d421-4bbd-a2de-2933f85bce42,9,5,cnn,
c5bdaa79-9a63-492d-bc95-131e76371d0f,0,4,cnn,
c5bdaa79-9a63-492d-bc95-131e76371d0f,1,9,foxnews,
c5bdaa79-9a63-492d-bc95-131e76371d0f,2,1,msnbc,
c5bdaa79-9a63-492d-bc95-131e76371d0f,3,8,foxnews,Police did not know that Elliot Rodger had firearms before killings.
c5bdaa79-9a63-492d-bc95-131e76371d0f,4,3,msnbc,U.S. will not be able to remove nuclear waste from Los Alamos within deadline.
c5bdaa79-9a63-492d-bc95-131e76371d0f,5,5,msnbc,
c5bdaa79-9a63-492d-bc95-131e76371d0f,6,0,foxnews,
c5bdaa79-9a63-492d-bc95-131e76371d0f,7,2,msnbc,
c5bdaa79-9a63-492d-bc95-131e76371d0f,8,6,cnn,"After the release of an American soldier in Afghanistan, five Taliban prisoners will leave Guantanamo."
c5bdaa79-9a63-492d-bc95-131e76371d0f,9,7,cnn,
cf544a69-58fe-4146-9acb-01ec4a70554b,0,8,msnbc,Six climbers missing on Washington's Mount Rainier
cf544a69-58fe-4146-9acb-01ec4a70554b,1,7,msnbc,Philadelphia neighborhood sees off old home
cf544a69-58fe-4146-9acb-01ec4a70554b,2,0,cnn,Obama accepts veterans affairs chief resignation with 'regret'.
cf544a69-58fe-4146-9acb-01ec4a70554b,3,1,cnn,California police unaware student had firearms before killings: report
cf544a69-58fe-4146-9acb-01ec4a70554b,4,5,cnn,U.S. to miss deadline for removing nuclear waste from Los Alamos
cf544a69-58fe-4146-9acb-01ec4a70554b,5,6,foxnews,California man returns $125K dropped from armored car
cf544a69-58fe-4146-9acb-01ec4a70554b,6,9,foxnews,Former California military academy head hit with new sex assault charges
cf544a69-58fe-4146-9acb-01ec4a70554b,7,2,foxnews,"NBA moves on Clippers sale, Sterling sues for $1 billion"
cf544a69-58fe-4146-9acb-01ec4a70554b,8,3,msnbc,"U.S. soldier freed in Afghanistan, five Taliban prisoners to leave Guantanamo"
cf544a69-58fe-4146-9acb-01ec4a70554b,9,4,msnbc,Virginia man with stolen Sandy Hook memorial signs is arrested
d5084eea-7df7-4836-9645-51fe571d61d5,0,5,foxnews,
d5084eea-7df7-4836-9645-51fe571d61d5,1,0,msnbc,
d5084eea-7df7-4836-9645-51fe571d61d5,2,8,msnbc,
d5084eea-7df7-4836-9645-51fe571d61d5,3,2,cnn,
d5084eea-7df7-4836-9645-51fe571d61d5,4,6,msnbc,
d5084eea-7df7-4836-9645-51fe571d61d5,5,1,msnbc,
d5084eea-7df7-4836-9645-51fe571d61d5,6,7,foxnews,
d5084eea-7df7-4836-9645-51fe571d61d5,7,3,cnn,
d5084eea-7df7-4836-9645-51fe571d61d5,8,4,foxnews,
d5084eea-7df7-4836-9645-51fe571d61d5,9,9,cnn,
da93e18b-7c88-4934-bce5-73d98188b273,0,4,msnbc,
da93e18b-7c88-4934-bce5-73d98188b273,1,0,msnbc,
da93e18b-7c88-4934-bce5-73d98188b273,2,1,cnn,
da93e18b-7c88-4934-bce5-73d98188b273,3,2,cnn,
da93e18b-7c88-4934-bce5-73d98188b273,4,9,foxnews,
da93e18b-7c88-4934-bce5-73d98188b273,5,3,foxnews,
da93e18b-7c88-4934-bce5-73d98188b273,6,6,foxnews,
da93e18b-7c88-4934-bce5-73d98188b273,7,8,cnn,
da93e18b-7c88-4934-bce5-73d98188b273,8,5,msnbc,
da93e18b-7c88-4934-bce5-73d98188b273,9,7,msnbc,
dd759792-d2e9-43eb-a1cf-6b6303ccfbdf,0,1,msnbc,
dd759792-d2e9-43eb-a1cf-6b6303ccfbdf,1,4,cnn,
dd759792-d2e9-43eb-a1cf-6b6303ccfbdf,2,5,msnbc,
dd759792-d2e9-43eb-a1cf-6b6303ccfbdf,3,9,cnn,
dd759792-d2e9-43eb-a1cf-6b6303ccfbdf,4,0,foxnews,
dd759792-d2e9-43eb-a1cf-6b6303ccfbdf,5,7,msnbc,
dd759792-d2e9-43eb-a1cf-6b6303ccfbdf,6,3,msnbc,
dd759792-d2e9-43eb-a1cf-6b6303ccfbdf,7,6,foxnews,
dd759792-d2e9-43eb-a1cf-6b6303ccfbdf,8,2,cnn,
dd759792-d2e9-43eb-a1cf-6b6303ccfbdf,9,8,foxnews,
deaac2c2-0c1e-4943-9756-d3b4e27f3673,0,5,cnn,
deaac2c2-0c1e-4943-9756-d3b4e27f3673,1,4,msnbc,
deaac2c2-0c1e-4943-9756-d3b4e27f3673,2,7,foxnews,
deaac2c2-0c1e-4943-9756-d3b4e27f3673,3,8,cnn,
deaac2c2-0c1e-4943-9756-d3b4e27f3673,4,0,cnn,
deaac2c2-0c1e-4943-9756-d3b4e27f3673,5,9,foxnews,
deaac2c2-0c1e-4943-9756-d3b4e27f3673,6,6,msnbc,
deaac2c2-0c1e-4943-9756-d3b4e27f3673,7,1,msnbc,
deaac2c2-0c1e-4943-9756-d3b4e27f3673,8,3,msnbc,
deaac2c2-0c1e-4943-9756-d3b4e27f3673,9,2,foxnews,A Virginia man who claims the massacre at Sandy Hook School in Connecticut never happened has been arrested.
dec66dc8-ad14-4da3-aacb-a4c05bdd28d5,0,4,msnbc,
dec66dc8-ad14-4da3-aacb-a4c05bdd28d5,1,1,foxnews,
dec66dc8-ad14-4da3-aacb-a4c05bdd28d5,2,8,msnbc,
dec66dc8-ad14-4da3-aacb-a4c05bdd28d5,3,3,cnn,
dec66dc8-ad14-4da3-aacb-a4c05bdd28d5,4,5,cnn,
dec66dc8-ad14-4da3-aacb-a4c05bdd28d5,5,6,foxnews,
dec66dc8-ad14-4da3-aacb-a4c05bdd28d5,6,7,msnbc,
dec66dc8-ad14-4da3-aacb-a4c05bdd28d5,7,9,foxnews,
dec66dc8-ad14-4da3-aacb-a4c05bdd28d5,8,0,cnn,
dec66dc8-ad14-4da3-aacb-a4c05bdd28d5,9,2,msnbc,
e0cf4be8-b95b-4416-b999-d33433ea4287,0,4,foxnews,
e0cf4be8-b95b-4416-b999-d33433ea4287,1,7,cnn,
e0cf4be8-b95b-4416-b999-d33433ea4287,2,9,msnbc,
e0cf4be8-b95b-4416-b999-d33433ea4287,3,2,msnbc,
e0cf4be8-b95b-4416-b999-d33433ea4287,4,8,cnn,
e0cf4be8-b95b-4416-b999-d33433ea4287,5,1,cnn,
e0cf4be8-b95b-4416-b999-d33433ea4287,6,0,foxnews,
e0cf4be8-b95b-4416-b999-d33433ea4287,7,3,msnbc,
e0cf4be8-b95b-4416-b999-d33433ea4287,8,5,msnbc,
e0cf4be8-b95b-4416-b999-d33433ea4287,9,6,foxnews,
e3ab9a45-add8-49a7-918c-f353a60d2b6c,0,8,foxnews,
e3ab9a45-add8-49a7-918c-f353a60d2b6c,1,5,foxnews,
e3ab9a45-add8-49a7-918c-f353a60d2b6c,2,4,foxnews,
e3ab9a45-add8-49a7-918c-f353a60d2b6c,3,6,cnn,
e3ab9a45-add8-49a7-918c-f353a60d2b6c,4,0,msnbc,"Because of safety concerns, US department of energy will be unable to remove drums of nuclear waste in time from Los Alamos."
e3ab9a45-add8-49a7-918c-f353a60d2b6c,5,2,cnn,Salvation Army man from california brings back $125k lost by an armored cash transport car.
e3ab9a45-add8-49a7-918c-f353a60d2b6c,6,9,msnbc,
e3ab9a45-add8-49a7-918c-f353a60d2b6c,7,7,msnbc,"Clippers will be sold, the owner Sterlings sues the NBA for $1 billion."
e3ab9a45-add8-49a7-918c-f353a60d2b6c,8,1,cnn,
e3ab9a45-add8-49a7-918c-f353a60d2b6c,9,3,msnbc,
e4456ae6-724e-4c62-9ba5-6d031468704b,0,8,msnbc,
e4456ae6-724e-4c62-9ba5-6d031468704b,0,8,msnbc,
e4456ae6-724e-4c62-9ba5-6d031468704b,0,8,msnbc,
e4456ae6-724e-4c62-9ba5-6d031468704b,0,8,msnbc,
e4456ae6-724e-4c62-9ba5-6d031468704b,0,8,msnbc,
e4456ae6-724e-4c62-9ba5-6d031468704b,0,8,msnbc,
e4456ae6-724e-4c62-9ba5-6d031468704b,0,8,msnbc,
e4456ae6-724e-4c62-9ba5-6d031468704b,0,8,msnbc,
e4456ae6-724e-4c62-9ba5-6d031468704b,0,8,msnbc,
e4456ae6-724e-4c62-9ba5-6d031468704b,0,8,msnbc,
e4456ae6-724e-4c62-9ba5-6d031468704b,0,8,msnbc,
e4456ae6-724e-4c62-9ba5-6d031468704b,0,8,cnn,
e4456ae6-724e-4c62-9ba5-6d031468704b,1,3,msnbc,
e4456ae6-724e-4c62-9ba5-6d031468704b,1,3,msnbc,
e4456ae6-724e-4c62-9ba5-6d031468704b,1,3,msnbc,
e4456ae6-724e-4c62-9ba5-6d031468704b,1,3,msnbc,
e4456ae6-724e-4c62-9ba5-6d031468704b,1,3,msnbc,
e4456ae6-724e-4c62-9ba5-6d031468704b,1,3,msnbc,
e4456ae6-724e-4c62-9ba5-6d031468704b,1,3,msnbc,
e4456ae6-724e-4c62-9ba5-6d031468704b,1,3,msnbc,
e4456ae6-724e-4c62-9ba5-6d031468704b,1,3,msnbc,
e4456ae6-724e-4c62-9ba5-6d031468704b,1,3,msnbc,
e4456ae6-724e-4c62-9ba5-6d031468704b,1,3,msnbc,
e4456ae6-724e-4c62-9ba5-6d031468704b,1,7,foxnews,
e4456ae6-724e-4c62-9ba5-6d031468704b,2,4,foxnews,
e4456ae6-724e-4c62-9ba5-6d031468704b,2,4,foxnews,
e4456ae6-724e-4c62-9ba5-6d031468704b,2,4,foxnews,
e4456ae6-724e-4c62-9ba5-6d031468704b,2,4,foxnews,
e4456ae6-724e-4c62-9ba5-6d031468704b,2,4,foxnews,
e4456ae6-724e-4c62-9ba5-6d031468704b,2,4,foxnews,
e4456ae6-724e-4c62-9ba5-6d031468704b,2,4,foxnews,
e4456ae6-724e-4c62-9ba5-6d031468704b,2,4,foxnews,
e4456ae6-724e-4c62-9ba5-6d031468704b,2,4,foxnews,
e4456ae6-724e-4c62-9ba5-6d031468704b,2,4,foxnews,
e4456ae6-724e-4c62-9ba5-6d031468704b,2,4,foxnews,
e4456ae6-724e-4c62-9ba5-6d031468704b,2,6,cnn,
e4456ae6-724e-4c62-9ba5-6d031468704b,3,9,cnn,
e4456ae6-724e-4c62-9ba5-6d031468704b,3,9,cnn,
e4456ae6-724e-4c62-9ba5-6d031468704b,3,9,cnn,
e4456ae6-724e-4c62-9ba5-6d031468704b,3,9,cnn,
e4456ae6-724e-4c62-9ba5-6d031468704b,3,9,cnn,
e4456ae6-724e-4c62-9ba5-6d031468704b,3,9,cnn,
e4456ae6-724e-4c62-9ba5-6d031468704b,3,9,cnn,
e4456ae6-724e-4c62-9ba5-6d031468704b,3,9,cnn,
e4456ae6-724e-4c62-9ba5-6d031468704b,3,9,cnn,
e4456ae6-724e-4c62-9ba5-6d031468704b,3,9,cnn,
e4456ae6-724e-4c62-9ba5-6d031468704b,3,9,cnn,
e4456ae6-724e-4c62-9ba5-6d031468704b,3,9,msnbc,
e4456ae6-724e-4c62-9ba5-6d031468704b,4,1,cnn,
e4456ae6-724e-4c62-9ba5-6d031468704b,4,1,cnn,
e4456ae6-724e-4c62-9ba5-6d031468704b,4,1,cnn,
e4456ae6-724e-4c62-9ba5-6d031468704b,4,1,cnn,
e4456ae6-724e-4c62-9ba5-6d031468704b,4,1,cnn,
e4456ae6-724e-4c62-9ba5-6d031468704b,4,1,cnn,
e4456ae6-724e-4c62-9ba5-6d031468704b,4,1,cnn,
e4456ae6-724e-4c62-9ba5-6d031468704b,4,1,cnn,
e4456ae6-724e-4c62-9ba5-6d031468704b,4,1,cnn,
e4456ae6-724e-4c62-9ba5-6d031468704b,4,1,cnn,
e4456ae6-724e-4c62-9ba5-6d031468704b,4,1,cnn,
e4456ae6-724e-4c62-9ba5-6d031468704b,4,2,msnbc,
e4456ae6-724e-4c62-9ba5-6d031468704b,5,7,msnbc,
e4456ae6-724e-4c62-9ba5-6d031468704b,5,7,msnbc,
e4456ae6-724e-4c62-9ba5-6d031468704b,5,7,msnbc,
e4456ae6-724e-4c62-9ba5-6d031468704b,5,7,msnbc,
e4456ae6-724e-4c62-9ba5-6d031468704b,5,7,msnbc,
e4456ae6-724e-4c62-9ba5-6d031468704b,5,7,msnbc,
e4456ae6-724e-4c62-9ba5-6d031468704b,5,7,msnbc,
e4456ae6-724e-4c62-9ba5-6d031468704b,5,7,msnbc,
e4456ae6-724e-4c62-9ba5-6d031468704b,5,7,msnbc,
e4456ae6-724e-4c62-9ba5-6d031468704b,5,7,msnbc,
e4456ae6-724e-4c62-9ba5-6d031468704b,5,7,msnbc,
e4456ae6-724e-4c62-9ba5-6d031468704b,5,1,msnbc,
e4456ae6-724e-4c62-9ba5-6d031468704b,6,0,msnbc,
e4456ae6-724e-4c62-9ba5-6d031468704b,6,0,msnbc,
e4456ae6-724e-4c62-9ba5-6d031468704b,6,0,msnbc,
e4456ae6-724e-4c62-9ba5-6d031468704b,6,0,msnbc,
e4456ae6-724e-4c62-9ba5-6d031468704b,6,0,msnbc,
e4456ae6-724e-4c62-9ba5-6d031468704b,6,0,msnbc,
e4456ae6-724e-4c62-9ba5-6d031468704b,6,0,msnbc,
e4456ae6-724e-4c62-9ba5-6d031468704b,6,0,msnbc,
e4456ae6-724e-4c62-9ba5-6d031468704b,6,0,msnbc,
e4456ae6-724e-4c62-9ba5-6d031468704b,6,0,msnbc,
e4456ae6-724e-4c62-9ba5-6d031468704b,6,0,msnbc,
e4456ae6-724e-4c62-9ba5-6d031468704b,6,0,foxnews,
e4456ae6-724e-4c62-9ba5-6d031468704b,7,6,foxnews,
e4456ae6-724e-4c62-9ba5-6d031468704b,7,6,foxnews,
e4456ae6-724e-4c62-9ba5-6d031468704b,7,6,foxnews,
e4456ae6-724e-4c62-9ba5-6d031468704b,7,6,foxnews,
e4456ae6-724e-4c62-9ba5-6d031468704b,7,6,foxnews,
e4456ae6-724e-4c62-9ba5-6d031468704b,7,6,foxnews,
e4456ae6-724e-4c62-9ba5-6d031468704b,7,6,foxnews,
e4456ae6-724e-4c62-9ba5-6d031468704b,7,6,foxnews,
e4456ae6-724e-4c62-9ba5-6d031468704b,7,6,foxnews,
e4456ae6-724e-4c62-9ba5-6d031468704b,7,6,foxnews,
e4456ae6-724e-4c62-9ba5-6d031468704b,7,6,foxnews,
e4456ae6-724e-4c62-9ba5-6d031468704b,7,5,cnn,
e4456ae6-724e-4c62-9ba5-6d031468704b,8,5,cnn,
e4456ae6-724e-4c62-9ba5-6d031468704b,8,5,cnn,
e4456ae6-724e-4c62-9ba5-6d031468704b,8,5,cnn,
e4456ae6-724e-4c62-9ba5-6d031468704b,8,5,cnn,
e4456ae6-724e-4c62-9ba5-6d031468704b,8,5,cnn,
e4456ae6-724e-4c62-9ba5-6d031468704b,8,5,cnn,
e4456ae6-724e-4c62-9ba5-6d031468704b,8,5,cnn,
e4456ae6-724e-4c62-9ba5-6d031468704b,8,5,cnn,
e4456ae6-724e-4c62-9ba5-6d031468704b,8,5,cnn,
e4456ae6-724e-4c62-9ba5-6d031468704b,8,5,cnn,
e4456ae6-724e-4c62-9ba5-6d031468704b,8,5,cnn,
e4456ae6-724e-4c62-9ba5-6d031468704b,8,3,msnbc,
e4456ae6-724e-4c62-9ba5-6d031468704b,9,2,foxnews,
e4456ae6-724e-4c62-9ba5-6d031468704b,9,2,foxnews,
e4456ae6-724e-4c62-9ba5-6d031468704b,9,2,foxnews,
e4456ae6-724e-4c62-9ba5-6d031468704b,9,2,foxnews,
e4456ae6-724e-4c62-9ba5-6d031468704b,9,2,foxnews,
e4456ae6-724e-4c62-9ba5-6d031468704b,9,2,foxnews,
e4456ae6-724e-4c62-9ba5-6d031468704b,9,2,foxnews,
e4456ae6-724e-4c62-9ba5-6d031468704b,9,2,foxnews,
e4456ae6-724e-4c62-9ba5-6d031468704b,9,2,foxnews,
e4456ae6-724e-4c62-9ba5-6d031468704b,9,2,foxnews,
e4456ae6-724e-4c62-9ba5-6d031468704b,9,2,foxnews,
e4456ae6-724e-4c62-9ba5-6d031468704b,9,4,foxnews,
e46a90bf-d046-475e-b268-bfcbaed94119,0,1,msnbc,
e46a90bf-d046-475e-b268-bfcbaed94119,1,0,foxnews,
e46a90bf-d046-475e-b268-bfcbaed94119,2,5,msnbc,
e46a90bf-d046-475e-b268-bfcbaed94119,3,9,foxnews,
e46a90bf-d046-475e-b268-bfcbaed94119,4,6,cnn,
e46a90bf-d046-475e-b268-bfcbaed94119,5,3,msnbc,
e46a90bf-d046-475e-b268-bfcbaed94119,6,4,foxnews,
e46a90bf-d046-475e-b268-bfcbaed94119,7,2,cnn,
e46a90bf-d046-475e-b268-bfcbaed94119,8,7,cnn,
e46a90bf-d046-475e-b268-bfcbaed94119,9,8,msnbc,
e67899b0-e13e-4ff2-b283-4a308b4e236f,0,5,msnbc,
e67899b0-e13e-4ff2-b283-4a308b4e236f,1,1,msnbc,
e67899b0-e13e-4ff2-b283-4a308b4e236f,2,0,foxnews,
e67899b0-e13e-4ff2-b283-4a308b4e236f,3,8,foxnews,
e67899b0-e13e-4ff2-b283-4a308b4e236f,4,7,cnn,
e67899b0-e13e-4ff2-b283-4a308b4e236f,5,3,foxnews,
e67899b0-e13e-4ff2-b283-4a308b4e236f,6,4,msnbc,
e67899b0-e13e-4ff2-b283-4a308b4e236f,7,2,cnn,
e67899b0-e13e-4ff2-b283-4a308b4e236f,8,6,cnn,
e67899b0-e13e-4ff2-b283-4a308b4e236f,9,9,msnbc,
e81c94b5-46ac-46f5-9885-390439a61cc6,0,3,cnn,
e81c94b5-46ac-46f5-9885-390439a61cc6,1,4,msnbc,
e81c94b5-46ac-46f5-9885-390439a61cc6,2,7,cnn,
e81c94b5-46ac-46f5-9885-390439a61cc6,3,5,msnbc,
e81c94b5-46ac-46f5-9885-390439a61cc6,4,6,foxnews,
e81c94b5-46ac-46f5-9885-390439a61cc6,5,9,msnbc,
e81c94b5-46ac-46f5-9885-390439a61cc6,6,8,foxnews,
e81c94b5-46ac-46f5-9885-390439a61cc6,7,1,cnn,
e81c94b5-46ac-46f5-9885-390439a61cc6,8,0,msnbc,
e81c94b5-46ac-46f5-9885-390439a61cc6,9,2,foxnews,
e8dda646-6be8-4284-92a6-4c2db8de03e8,0,0,cnn,Six climbers have been missing since Wednesday evening on Mount Rainier; search is under way to find them.
e8dda646-6be8-4284-92a6-4c2db8de03e8,0,0,cnn,Six climbers have been missing since Wednesday evening on Mount Rainier; search is under way to find them.
e8dda646-6be8-4284-92a6-4c2db8de03e8,1,8,cnn,
e8dda646-6be8-4284-92a6-4c2db8de03e8,1,8,cnn,
e8dda646-6be8-4284-92a6-4c2db8de03e8,2,6,cnn,
e8dda646-6be8-4284-92a6-4c2db8de03e8,2,6,cnn,
e8dda646-6be8-4284-92a6-4c2db8de03e8,3,3,foxnews,
e8dda646-6be8-4284-92a6-4c2db8de03e8,3,3,foxnews,
e8dda646-6be8-4284-92a6-4c2db8de03e8,4,7,foxnews,U.S. announced that it will not be able to make deadline for removing nuclear waste from Los Alamos.
e8dda646-6be8-4284-92a6-4c2db8de03e8,4,7,foxnews,U.S. announced that it will not be able to make deadline for removing nuclear waste from Los Alamos.
e8dda646-6be8-4284-92a6-4c2db8de03e8,5,2,msnbc,"A rare creature, Joe Cornell, returned $125k that he found dropped from an armored car!"
e8dda646-6be8-4284-92a6-4c2db8de03e8,5,2,msnbc,"A rare creature, Joe Cornell, returned $125k that he found dropped from an armored car!"
e8dda646-6be8-4284-92a6-4c2db8de03e8,6,1,msnbc,
e8dda646-6be8-4284-92a6-4c2db8de03e8,6,1,msnbc,
e8dda646-6be8-4284-92a6-4c2db8de03e8,7,5,msnbc,
e8dda646-6be8-4284-92a6-4c2db8de03e8,7,5,msnbc,
e8dda646-6be8-4284-92a6-4c2db8de03e8,8,4,foxnews,
e8dda646-6be8-4284-92a6-4c2db8de03e8,8,4,foxnews,
e8dda646-6be8-4284-92a6-4c2db8de03e8,9,9,msnbc,
e8dda646-6be8-4284-92a6-4c2db8de03e8,9,9,msnbc,
ebace447-d077-440c-a295-af7ab285229c,0,7,foxnews,
ebace447-d077-440c-a295-af7ab285229c,1,2,foxnews,
ebace447-d077-440c-a295-af7ab285229c,2,8,foxnews,
ebace447-d077-440c-a295-af7ab285229c,3,4,cnn,Elliot Rodger shot 6 people with a weapon although police knew he was dangerous (and had weapons)
ebace447-d077-440c-a295-af7ab285229c,4,0,msnbc,U.S. to miss deadline for removing nuclear 
ebace447-d077-440c-a295-af7ab285229c,5,1,msnbc,California man returns $125K dropped from 
ebace447-d077-440c-a295-af7ab285229c,6,3,msnbc,
ebace447-d077-440c-a295-af7ab285229c,7,6,cnn,
ebace447-d077-440c-a295-af7ab285229c,8,9,msnbc,
ebace447-d077-440c-a295-af7ab285229c,9,5,cnn,
ec9f05de-cf03-46cc-a57d-c1cf8f65f79e,0,6,foxnews,
ec9f05de-cf03-46cc-a57d-c1cf8f65f79e,1,3,msnbc,
ec9f05de-cf03-46cc-a57d-c1cf8f65f79e,2,0,msnbc,
ec9f05de-cf03-46cc-a57d-c1cf8f65f79e,3,7,cnn,
ec9f05de-cf03-46cc-a57d-c1cf8f65f79e,4,9,msnbc,
ec9f05de-cf03-46cc-a57d-c1cf8f65f79e,5,5,cnn,
ec9f05de-cf03-46cc-a57d-c1cf8f65f79e,6,1,foxnews,
ec9f05de-cf03-46cc-a57d-c1cf8f65f79e,7,2,msnbc,
ec9f05de-cf03-46cc-a57d-c1cf8f65f79e,8,8,cnn,
ec9f05de-cf03-46cc-a57d-c1cf8f65f79e,9,4,foxnews,
f28e23b0-bbe8-42e1-924c-0e8f75d30284,0,0,msnbc,
f28e23b0-bbe8-42e1-924c-0e8f75d30284,1,5,cnn,
f28e23b0-bbe8-42e1-924c-0e8f75d30284,2,4,foxnews,
f28e23b0-bbe8-42e1-924c-0e8f75d30284,3,3,msnbc,
f28e23b0-bbe8-42e1-924c-0e8f75d30284,4,9,foxnews,
f28e23b0-bbe8-42e1-924c-0e8f75d30284,5,2,cnn,
f28e23b0-bbe8-42e1-924c-0e8f75d30284,6,8,cnn,
f28e23b0-bbe8-42e1-924c-0e8f75d30284,7,1,msnbc,
f28e23b0-bbe8-42e1-924c-0e8f75d30284,8,6,foxnews,
f28e23b0-bbe8-42e1-924c-0e8f75d30284,9,7,msnbc,
f29f697c-09bb-4b41-9f7c-2ffc124b4e5d,0,1,msnbc,
f29f697c-09bb-4b41-9f7c-2ffc124b4e5d,1,3,foxnews,
f29f697c-09bb-4b41-9f7c-2ffc124b4e5d,2,4,foxnews,
f29f697c-09bb-4b41-9f7c-2ffc124b4e5d,3,8,cnn,
f29f697c-09bb-4b41-9f7c-2ffc124b4e5d,4,9,msnbc,
f29f697c-09bb-4b41-9f7c-2ffc124b4e5d,5,7,msnbc,
f29f697c-09bb-4b41-9f7c-2ffc124b4e5d,6,5,foxnews,
f29f697c-09bb-4b41-9f7c-2ffc124b4e5d,7,6,cnn,
f29f697c-09bb-4b41-9f7c-2ffc124b4e5d,8,2,cnn,
f29f697c-09bb-4b41-9f7c-2ffc124b4e5d,9,0,msnbc,
f65e9f29-a51c-4659-9d5a-53e75fbc196b,0,2,msnbc,
f65e9f29-a51c-4659-9d5a-53e75fbc196b,1,9,foxnews,
f65e9f29-a51c-4659-9d5a-53e75fbc196b,2,5,msnbc,
f65e9f29-a51c-4659-9d5a-53e75fbc196b,3,8,msnbc,
f65e9f29-a51c-4659-9d5a-53e75fbc196b,4,4,foxnews,
f65e9f29-a51c-4659-9d5a-53e75fbc196b,5,3,cnn,
f65e9f29-a51c-4659-9d5a-53e75fbc196b,6,7,cnn,
f65e9f29-a51c-4659-9d5a-53e75fbc196b,7,1,msnbc,
f65e9f29-a51c-4659-9d5a-53e75fbc196b,8,0,cnn,
f65e9f29-a51c-4659-9d5a-53e75fbc196b,9,6,foxnews,
f9a108f0-760e-4a50-8176-6548d0b89560,0,3,msnbc,
f9a108f0-760e-4a50-8176-6548d0b89560,1,0,msnbc,
f9a108f0-760e-4a50-8176-6548d0b89560,2,1,foxnews,
f9a108f0-760e-4a50-8176-6548d0b89560,3,5,cnn,
f9a108f0-760e-4a50-8176-6548d0b89560,4,2,msnbc,
f9a108f0-760e-4a50-8176-6548d0b89560,5,8,foxnews,
f9a108f0-760e-4a50-8176-6548d0b89560,6,9,msnbc,
f9a108f0-760e-4a50-8176-6548d0b89560,7,6,foxnews,
f9a108f0-760e-4a50-8176-6548d0b89560,8,7,cnn,
f9a108f0-760e-4a50-8176-6548d0b89560,9,4,cnn,
fb0ea412-8566-427b-8f97-e135d08e11a6,0,7,cnn,
fb0ea412-8566-427b-8f97-e135d08e11a6,1,3,msnbc,
fb0ea412-8566-427b-8f97-e135d08e11a6,2,6,msnbc,
fb0ea412-8566-427b-8f97-e135d08e11a6,3,5,foxnews,
fb0ea412-8566-427b-8f97-e135d08e11a6,4,8,msnbc,
fb0ea412-8566-427b-8f97-e135d08e11a6,5,1,foxnews,
fb0ea412-8566-427b-8f97-e135d08e11a6,6,9,foxnews,
fb0ea412-8566-427b-8f97-e135d08e11a6,7,2,cnn,
fb0ea412-8566-427b-8f97-e135d08e11a6,8,4,cnn,
fb0ea412-8566-427b-8f97-e135d08e11a6,9,0,msnbc,
fb53f7a2-283b-43ca-91f2-c42b3cbb4065,0,6,foxnews,
fb53f7a2-283b-43ca-91f2-c42b3cbb4065,1,0,foxnews,
fb53f7a2-283b-43ca-91f2-c42b3cbb4065,2,2,msnbc,
fb53f7a2-283b-43ca-91f2-c42b3cbb4065,3,1,foxnews,Neglicency among Los Angeles police had six people killed.
fb53f7a2-283b-43ca-91f2-c42b3cbb4065,4,5,msnbc,
fb53f7a2-283b-43ca-91f2-c42b3cbb4065,5,3,cnn,
fb53f7a2-283b-43ca-91f2-c42b3cbb4065,6,9,msnbc,
fb53f7a2-283b-43ca-91f2-c42b3cbb4065,7,8,msnbc,
fb53f7a2-283b-43ca-91f2-c42b3cbb4065,8,7,cnn,
fb53f7a2-283b-43ca-91f2-c42b3cbb4065,9,4,cnn,
fbe5e05e-01a5-4858-96cc-841a796bccbf,0,4,foxnews,
fbe5e05e-01a5-4858-96cc-841a796bccbf,1,6,msnbc,
fbe5e05e-01a5-4858-96cc-841a796bccbf,2,7,foxnews,
fbe5e05e-01a5-4858-96cc-841a796bccbf,3,0,msnbc,
fbe5e05e-01a5-4858-96cc-841a796bccbf,4,1,msnbc,
fbe5e05e-01a5-4858-96cc-841a796bccbf,5,2,foxnews,
fbe5e05e-01a5-4858-96cc-841a796bccbf,6,5,cnn,
fbe5e05e-01a5-4858-96cc-841a796bccbf,7,9,cnn,
fbe5e05e-01a5-4858-96cc-841a796bccbf,8,3,msnbc,
fbe5e05e-01a5-4858-96cc-841a796bccbf,9,8,cnn,
fe4b41cd-a528-4540-ac88-3b6891a6b855,0,5,msnbc,Six climbers missing on Washington's Mount Rainier
fe4b41cd-a528-4540-ac88-3b6891a6b855,1,9,cnn,
fe4b41cd-a528-4540-ac88-3b6891a6b855,2,4,cnn,"
Obama accepts veterans affairs chief resignation with 'regret'"
fe4b41cd-a528-4540-ac88-3b6891a6b855,3,2,msnbc,
fe4b41cd-a528-4540-ac88-3b6891a6b855,4,8,foxnews,
fe4b41cd-a528-4540-ac88-3b6891a6b855,5,0,cnn,"A 52 year old Joe Cornell saw the bag of cash fall out of an armored truck, picked it up and returned to the company."
fe4b41cd-a528-4540-ac88-3b6891a6b855,6,7,foxnews,
fe4b41cd-a528-4540-ac88-3b6891a6b855,7,3,msnbc,
fe4b41cd-a528-4540-ac88-3b6891a6b855,8,6,msnbc,
fe4b41cd-a528-4540-ac88-3b6891a6b855,9,1,foxnews,
fec15e98-72fe-44e3-9e63-b6ec95cc87c2,0,5,cnn,
fec15e98-72fe-44e3-9e63-b6ec95cc87c2,1,7,foxnews,
fec15e98-72fe-44e3-9e63-b6ec95cc87c2,2,8,cnn,
fec15e98-72fe-44e3-9e63-b6ec95cc87c2,3,1,cnn,
fec15e98-72fe-44e3-9e63-b6ec95cc87c2,4,9,msnbc,
fec15e98-72fe-44e3-9e63-b6ec95cc87c2,5,0,msnbc,
fec15e98-72fe-44e3-9e63-b6ec95cc87c2,6,2,msnbc,
fec15e98-72fe-44e3-9e63-b6ec95cc87c2,7,4,foxnews,
fec15e98-72fe-44e3-9e63-b6ec95cc87c2,8,3,msnbc,
fec15e98-72fe-44e3-9e63-b6ec95cc87c2,9,6,foxnews,
